id,seq,n,rsa,asa,q3,p[q3_H],p[q3_E],p[q3_C],q8,p[q8_G],p[q8_H],p[q8_I],p[q8_B],p[q8_E],p[q8_S],p[q8_T],p[q8_C],phi,psi,disorder
sp|P00552|KKA2_KLEPN,M,1,0.8225293755531311,164.58812804818152,C,0.00015954395348671824,0.00014493985509034246,0.9996955394744873,C,2.6311427063774318e-05,5.767918628407642e-05,1.0011646622842818e-07,0.00010225903679383919,5.8474466641200706e-05,0.00018133515550289303,0.00022391838137991726,0.9993500113487244,-87.11830139160156,142.40731811523438,0.9430084228515625
sp|P00552|KKA2_KLEPN,I,2,0.6009628772735596,111.17813229560852,C,0.00396216195076704,0.02291427180171013,0.9731235504150391,C,0.0007289308123290539,0.002221990143880248,1.3877877790946513e-05,0.006197820417582989,0.014861171133816242,0.0051862867549061775,0.003495334181934595,0.9672945737838745,-98.70355987548828,130.79830932617188,0.8301390409469604
sp|P00552|KKA2_KLEPN,E,3,0.7353048920631409,128.4577646434307,C,0.0057513536885380745,0.03828870877623558,0.9559599757194519,C,0.0011115394299849868,0.0028693536296486855,2.4131335521815345e-05,0.005109081976115704,0.02592848427593708,0.008984860964119434,0.0062437281012535095,0.9497288465499878,-100.01526641845703,133.60443115234375,0.8314492702484131
sp|P00552|KKA2_KLEPN,Q,4,0.5962474942207336,106.48980246782303,C,0.01563635654747486,0.03552362322807312,0.9488399624824524,C,0.004856974817812443,0.00787421129643917,0.00010450633271830156,0.005959988571703434,0.027619915083050728,0.0179896280169487,0.023692568764090538,0.9119022488594055,-96.38410949707031,126.17526245117188,0.7907456755638123
sp|P00552|KKA2_KLEPN,D,5,0.7482474446296692,107.82245677113532,C,0.022435786202549934,0.014551660977303982,0.9630125761032104,C,0.010828666388988495,0.0124703049659729,0.00011524278670549393,0.0030549962539225817,0.012656661681830883,0.04381784796714783,0.08931756764650345,0.8277387022972107,-91.36137390136719,61.306732177734375,0.7241213321685791
sp|P00552|KKA2_KLEPN,G,6,0.5386476516723633,42.39157018661499,C,0.021505357697606087,0.014384574256837368,0.9641100764274597,C,0.01241408009082079,0.011481989175081253,0.00019519324996508658,0.00535082072019577,0.013304011896252632,0.12328547239303589,0.09995381534099579,0.7340145707130432,93.05437469482422,87.73467254638672,0.619696319103241
sp|P00552|KKA2_KLEPN,L,7,0.3190837800502777,58.42424012720585,C,0.04808521643280983,0.06430044025182724,0.887614369392395,C,0.01968630589544773,0.02560170739889145,0.0005057212547399104,0.0515948124229908,0.03893681988120079,0.09739837050437927,0.08236482739448547,0.6839114427566528,-87.27667999267578,110.94397735595703,0.4896845519542694
sp|P00552|KKA2_KLEPN,H,8,0.5873504877090454,106.83905371427537,C,0.03345609828829765,0.039847370237112045,0.9266965389251709,C,0.013329677283763885,0.017479363828897476,0.0002509256883058697,0.018115079030394554,0.025298794731497765,0.047271717339754105,0.05925726890563965,0.8189972639083862,-92.81775665283203,118.79663848876953,0.5947695970535278
sp|P00552|KKA2_KLEPN,A,9,0.5647866725921631,62.23949131965637,C,0.030963381752371788,0.020290829241275787,0.9487457871437073,C,0.01923123374581337,0.020800674334168434,0.0002792810555547476,0.008775114081799984,0.01736593432724476,0.08943317085504532,0.2731375992298126,0.5709770917892456,-74.29731750488281,89.06382751464844,0.4751059114933014
sp|P00552|KKA2_KLEPN,G,10,0.5216975808143616,41.05759961009026,C,0.013469907455146313,0.010993235744535923,0.9755368232727051,C,0.007905915379524231,0.008066163398325443,0.000220201734919101,0.0040536560118198395,0.010702933184802532,0.1499432623386383,0.2664172053337097,0.5526906251907349,80.66032409667969,-123.71129608154297,0.24093322455883026
sp|P00552|KKA2_KLEPN,S,11,0.43224507570266724,50.659122872352604,C,0.03952983394265175,0.005120858084410429,0.955349326133728,C,0.0033841892145574093,0.027719374746084213,0.00011553253716556355,0.0035002215299755335,0.0019733391236513853,0.19407203793525696,0.013214410282671452,0.7560208439826965,-81.84593963623047,134.5050506591797,0.15513859689235687
sp|P00552|KKA2_KLEPN,P,12,0.2509729266166687,35.61305828690529,C,0.30584853887557983,0.016079140827059746,0.6780723333358765,C,0.023448338732123375,0.23693667352199554,0.00042886962182819843,0.006552122533321381,0.010084595531225204,0.030225049704313278,0.049672242254018784,0.6426520943641663,-60.7857551574707,-28.80013084411621,0.1377089023590088
sp|P00552|KKA2_KLEPN,A,13,0.34632229804992676,38.16471724510193,H,0.7123398780822754,0.007733460050076246,0.2799266576766968,H,0.03309311345219612,0.6552562117576599,0.0010101496009156108,0.0027372692711651325,0.005550537258386612,0.026201287284493446,0.037699174135923386,0.2384522706270218,-65.29080200195312,-37.39964294433594,0.08096916973590851
sp|P00552|KKA2_KLEPN,A,14,0.39683860540390015,43.731614315509795,H,0.8323665857315063,0.0032444100361317396,0.1643889993429184,H,0.028422951698303223,0.8024024367332458,0.0013137178029865026,0.0009485374903306365,0.0024256082251667976,0.013868222944438457,0.02672691084444523,0.12389164417982101,-66.00737762451172,-40.00733184814453,0.03628759831190109
sp|P00552|KKA2_KLEPN,W,15,0.09307003766298294,22.383344057947397,H,0.9396182298660278,0.0021674882154911757,0.05821419507265091,H,0.018079761415719986,0.9102956056594849,0.009369843639433384,0.0007504887180402875,0.0014793073059991002,0.005359477363526821,0.014322652481496334,0.04034284129738808,-66.51217651367188,-43.364070892333984,0.016012942418456078
sp|P00552|KKA2_KLEPN,V,16,0.03755917027592659,5.7728444714099165,H,0.9773014187812805,0.0010628217132762074,0.021635713055729866,H,0.00914793461561203,0.9510968923568726,0.01890982873737812,0.00016427320952061564,0.0008010455057956278,0.0017702026525512338,0.003874186659231782,0.01423562876880169,-63.544063568115234,-42.07157516479492,0.011432691477239132
sp|P00552|KKA2_KLEPN,E,17,0.5449753403663635,95.2071919620037,H,0.9795229434967041,0.0009208529372699559,0.01955617219209671,H,0.014662734232842922,0.9346352815628052,0.030634084716439247,0.00016547027917113155,0.0007754042162559927,0.0017382223159074783,0.008594970218837261,0.00879377406090498,-64.18663024902344,-40.30936813354492,0.00958571583032608
sp|P00552|KKA2_KLEPN,R,18,0.5968672633171082,136.68260329961777,H,0.9776114225387573,0.0010918654734268785,0.021296648308634758,H,0.012548075057566166,0.9312442541122437,0.03412855416536331,0.00023448545834980905,0.0008501734700985253,0.001958204433321953,0.011406474746763706,0.007629883009940386,-68.11785888671875,-40.73476028442383,0.007869898341596127
sp|P00552|KKA2_KLEPN,L,19,0.14796896278858185,27.093117086589334,H,0.9375166893005371,0.001629674807190895,0.06085360795259476,H,0.01049790345132351,0.9113077521324158,0.02619289606809616,0.0003790884802583605,0.0008061332046054304,0.005023900419473648,0.031077176332473755,0.01471517514437437,-75.80924987792969,-35.460697174072266,0.0067625693045556545
sp|P00552|KKA2_KLEPN,F,20,0.16070187091827393,32.25286549329758,H,0.7420518398284912,0.002521965652704239,0.25542619824409485,H,0.016966434195637703,0.7697749733924866,0.01566345803439617,0.0009958905866369605,0.0006651888834312558,0.02428637631237507,0.14879249036312103,0.022855181246995926,-97.33922576904297,-5.392443656921387,0.006220284383744001
sp|P00552|KKA2_KLEPN,G,21,0.6541942358016968,51.48508635759354,C,0.00818447396159172,0.001851006643846631,0.9899645447731018,T,0.006606708746403456,0.003262145910412073,0.00038550174213014543,0.0005434888298623264,0.0015128027880564332,0.12267337739467621,0.5564221739768982,0.30859375,77.63441467285156,18.15867042541504,0.0016555514885112643
sp|P00552|KKA2_KLEPN,Y,22,0.20901107788085938,44.665667343139646,C,0.003838510485365987,0.06597640365362167,0.930185079574585,C,0.0017584540182724595,0.0008982503204606473,4.231329512549564e-05,0.008495586924254894,0.05755813047289848,0.18043996393680573,0.010142812505364418,0.7406644821166992,-114.83695220947266,145.73997497558594,0.0028410109225660563
sp|P00552|KKA2_KLEPN,D,23,0.7118317484855652,102.57495495676994,C,0.003714206162840128,0.23256893455982208,0.7637168765068054,C,0.0019423018675297499,0.0006371791823767126,4.6240261326602194e-06,0.006284196861088276,0.21125389635562897,0.022620461881160736,0.00814345758408308,0.7491137981414795,-94.057373046875,127.97468566894531,0.0025716039817780256
sp|P00552|KKA2_KLEPN,W,24,0.2555520534515381,61.46026885509491,E,0.012309306301176548,0.5919255018234253,0.3957652449607849,E,0.007032298017293215,0.0023765694350004196,1.2536313079181127e-05,0.015503857284784317,0.5656546950340271,0.015668487176299095,0.014453613199293613,0.3792979419231415,-100.61715698242188,133.70053100585938,0.007601562421768904
sp|P00552|KKA2_KLEPN,A,25,0.43198052048683167,47.60425335764885,E,0.0071090105921030045,0.8770833015441895,0.1158076822757721,E,0.005913536064326763,0.0015163791831582785,1.9341792722116224e-05,0.003814992029219866,0.888246476650238,0.019004113972187042,0.006368059664964676,0.07511711865663528,-108.5321044921875,146.0290985107422,0.011659103445708752
sp|P00552|KKA2_KLEPN,Q,26,0.5750603079795837,102.70577100515365,E,0.005293139256536961,0.9156367778778076,0.0790700763463974,E,0.003606181824579835,0.0010988424764946103,1.823367529141251e-05,0.002426532097160816,0.9163831472396851,0.008357150480151176,0.002482706680893898,0.06562718749046326,-111.21768951416016,134.46788024902344,0.014884645119309425
sp|P00552|KKA2_KLEPN,Q,27,0.48975592851638794,87.47040883302688,E,0.011825239285826683,0.7173307538032532,0.2708439826965332,E,0.006768716964870691,0.0036564860492944717,2.851796853065025e-05,0.010501299984753132,0.7082006335258484,0.015979040414094925,0.010695778764784336,0.24416953325271606,-96.9500732421875,124.84137725830078,0.045825276523828506
sp|P00552|KKA2_KLEPN,T,28,0.457001656293869,63.38612972795963,E,0.0069868359714746475,0.6494195461273193,0.3435935974121094,E,0.0041785454377532005,0.0017071550246328115,2.7209793188376352e-05,0.010290397331118584,0.6383563876152039,0.03906255587935448,0.015308510512113571,0.29106923937797546,-105.28730773925781,116.10245513916016,0.11922670155763626
sp|P00552|KKA2_KLEPN,I,29,0.49919021129608154,92.35018908977509,E,0.008780510164797306,0.6078855395317078,0.3833339512348175,E,0.0074079688638448715,0.002453502733260393,9.816682722885162e-05,0.018299564719200134,0.5990400910377502,0.08391473442316055,0.05274221673607826,0.2360437512397766,-118.61279296875,136.60826110839844,0.18730896711349487
sp|P00552|KKA2_KLEPN,G,30,0.5856847763061523,46.09339189529419,C,0.009732931852340698,0.16263209283351898,0.8276349306106567,C,0.009524122811853886,0.0016670660115778446,0.00012154394789831713,0.010290354490280151,0.14863379299640656,0.28807568550109863,0.2011408805847168,0.34054654836654663,108.89724731445312,-176.17332458496094,0.18460345268249512
sp|P00552|KKA2_KLEPN,C,31,0.523614764213562,73.51551289558411,C,0.017661750316619873,0.13450348377227783,0.8478347659111023,C,0.015560774132609367,0.002671130234375596,9.6102237876039e-05,0.017493246123194695,0.10718914866447449,0.29666152596473694,0.14553247392177582,0.4147956371307373,-98.63694763183594,100.6246337890625,0.33459460735321045
sp|P00552|KKA2_KLEPN,S,32,0.42088261246681213,49.327442181110385,C,0.022954821586608887,0.10112328827381134,0.875921905040741,C,0.028735322877764702,0.002380137797445059,7.675334200030193e-05,0.014358592219650745,0.07813742756843567,0.2923107147216797,0.18989376723766327,0.39410722255706787,-100.0200424194336,125.75483703613281,0.24898281693458557
sp|P00552|KKA2_KLEPN,D,33,0.527433454990387,76.00316086411476,C,0.02377643622457981,0.08487297594547272,0.8913505673408508,S,0.02308962307870388,0.002830630401149392,7.690877828281373e-05,0.009456690400838852,0.06480195373296738,0.37782058119773865,0.24537566304206848,0.2765480577945709,-89.10069274902344,25.569955825805664,0.13835500180721283
sp|P00552|KKA2_KLEPN,A,34,0.16756246984004974,18.465384176373483,C,0.0028219525702297688,0.24441975355148315,0.7527583241462708,C,0.0038712904788553715,0.00034616905031725764,1.4221172932593618e-05,0.005666764918714762,0.26484307646751404,0.26292678713798523,0.10117342323064804,0.3611582815647125,-101.31848907470703,94.72184753417969,0.022701101377606392
sp|P00552|KKA2_KLEPN,A,35,0.08483260869979858,9.348553478717804,E,0.0023634901735931635,0.8516305685043335,0.14600591361522675,E,0.0015292697353288531,0.00046380411367863417,1.4210966583050322e-05,0.0032999920658767223,0.8612038493156433,0.01757306605577469,0.006915186997503042,0.1090005561709404,-120.90410614013672,143.09719848632812,0.005367523059248924
sp|P00552|KKA2_KLEPN,V,36,0.040999121963977814,6.30156504586339,E,3.6661745980381966e-05,0.9800831079483032,0.019880183041095734,E,1.7692816982162185e-05,9.117685294768307e-06,7.701190725128981e-07,0.0006850875215604901,0.9844650626182556,0.002095126546919346,0.00035277477581985295,0.012374328449368477,-114.62584686279297,132.70298767089844,0.0005692765116691589
sp|P00552|KKA2_KLEPN,F,37,0.024770569056272507,4.971453209593892,E,8.42923327581957e-05,0.9991080164909363,0.0008076278609223664,E,1.275189333682647e-05,1.9346854969626293e-05,8.866006169228058e-07,4.921328945783898e-05,0.9992601275444031,4.834248829865828e-05,3.213198942830786e-05,0.0005772013682872057,-118.64576721191406,140.63790893554688,8.340189378941432e-05
sp|P00552|KKA2_KLEPN,R,38,0.20947526395320892,47.96983544528484,E,3.457568527664989e-05,0.9991764426231384,0.0007890085689723492,E,5.172483724891208e-06,9.591077287041117e-06,5.936084335189662e-07,6.060886516934261e-05,0.9993399977684021,4.5677952584810555e-05,3.16027071676217e-05,0.0005067649763077497,-106.97529602050781,127.61997985839844,0.00012031509686494246
sp|P00552|KKA2_KLEPN,L,39,0.011627369560301304,2.1289713664911685,E,9.097430302063003e-05,0.9963665008544922,0.00354248215444386,E,1.5977870134520344e-05,3.057165667996742e-05,1.089480292648659e-06,0.00023811716528143734,0.9970070719718933,0.00022285633895080537,0.0001280522847082466,0.002356235170736909,-115.95108032226562,132.15013122558594,0.00015574172721244395
sp|P00552|KKA2_KLEPN,S,40,0.3041909635066986,35.65118092298508,E,0.00041544585837982595,0.970470130443573,0.02911440096795559,E,0.00012928832438774407,0.00010356884013162926,3.745029516721843e-06,0.001106566982343793,0.9741519093513489,0.00178594421595335,0.00149592908564955,0.021223049610853195,-112.01258087158203,137.4316864013672,0.0003778153914026916
sp|P00552|KKA2_KLEPN,A,41,0.10266892611980438,11.314115658402443,E,0.0018966123461723328,0.8799600601196289,0.11814343929290771,E,0.0005676911096088588,0.0003883075260091573,2.11080568988109e-05,0.015411082655191422,0.838767945766449,0.011830311268568039,0.002989894710481167,0.13002364337444305,-119.34452819824219,140.03469848632812,0.0021374335046857595
sp|P00552|KKA2_KLEPN,Q,42,0.7863852977752686,140.44841418266296,C,0.0046884119510650635,0.00759799825027585,0.9877135753631592,T,0.0024254543241113424,0.00011900145909748971,1.3753319763054606e-06,0.0002777388726826757,0.0010682496940717101,0.028140943497419357,0.960491955280304,0.0074752625077962875,36.245094299316406,84.62458801269531,0.003454647958278656
sp|P00552|KKA2_KLEPN,G,43,0.9480031728744507,74.60784970521927,C,0.0033859407994896173,0.00041742718894965947,0.9961966276168823,T,0.0009234581375494599,6.898486753925681e-05,1.7504136167190154e-06,1.7259149899473414e-05,3.8470338040497154e-05,0.0174381323158741,0.9787734150886536,0.002738524228334427,78.3924331665039,-2.6245505809783936,0.0045583005994558334
sp|P00552|KKA2_KLEPN,R,44,0.4681667387485504,107.21018317341805,E,0.0008660643943585455,0.7122408151626587,0.2868931293487549,E,0.0009829789632931352,7.788512448314577e-05,1.202882572215458e-06,0.02249237336218357,0.6244980692863464,0.19917438924312592,0.012924655340611935,0.13984845578670502,-113.24493408203125,142.30545043945312,0.001660835463553667
sp|P00552|KKA2_KLEPN,P,45,0.43898940086364746,62.292595982551575,E,8.475394133711234e-05,0.550582766532898,0.44933250546455383,E,7.420845940941945e-05,9.146046977548394e-06,1.3661714604040753e-07,0.002365443389862776,0.6557511687278748,0.07819771766662598,0.011381116695702076,0.25222110748291016,-71.72636413574219,138.88504028320312,0.00032897197525016963
sp|P00552|KKA2_KLEPN,V,46,0.15796642005443573,24.27943876236677,E,0.00011988462938461453,0.8811786770820618,0.11870141327381134,E,6.711138121318072e-05,1.5179160982370377e-05,1.1218698858783682e-07,0.0015184221556410193,0.9104336500167847,0.007458748295903206,0.001961554167792201,0.07854527235031128,-107.54134368896484,137.17422485351562,0.00011777300096582621
sp|P00552|KKA2_KLEPN,L,47,0.038713015615940094,7.088353159278631,E,3.566644954844378e-05,0.9933848977088928,0.006579452659934759,E,1.6548045095987618e-05,6.090542683523381e-06,5.4314782005349116e-08,0.0004195043002255261,0.9943952560424805,0.0003496584249660373,0.00014351266145240515,0.004669320769608021,-112.4384994506836,133.8563995361328,5.512811185326427e-05
sp|P00552|KKA2_KLEPN,F,48,0.02474016509950161,4.965351135469973,E,1.262399473489495e-05,0.9986693859100342,0.001318055554293096,E,5.468337803904433e-06,1.963728209375404e-06,6.101633687194408e-08,0.000154384586494416,0.9988117218017578,9.36795404413715e-05,3.175341407768428e-05,0.0009009490604512393,-110.35041809082031,131.47093200683594,2.391878661001101e-05
sp|P00552|KKA2_KLEPN,V,49,0.005646530073136091,0.8678716722410171,E,9.189555385091808e-06,0.9984567165374756,0.001534133916720748,E,4.108108441869263e-06,1.547557303638314e-06,3.4197494613863455e-08,9.07878638827242e-05,0.9987371563911438,8.052976045291871e-05,3.146828385069966e-05,0.0010543118696659803,-113.35684967041016,126.9986572265625,1.8027374608209357e-05
sp|P00552|KKA2_KLEPN,K,50,0.08726625889539719,17.9506694547832,E,4.321541200624779e-05,0.9934641718864441,0.006492604035884142,E,1.4627162272518035e-05,9.892495654639788e-06,7.339825174312864e-07,0.0004986549029126763,0.9938544034957886,0.0003415427927393466,0.00015554705169051886,0.005124693736433983,-109.39488983154297,131.23458862304688,0.00014631403610110283
sp|P00552|KKA2_KLEPN,T,51,0.04281949624419212,5.939064129069447,E,0.0002889951574616134,0.9480121731758118,0.05169884115457535,E,0.00013061948993708938,7.978405483299866e-05,1.8079856545227813e-06,0.003394805360585451,0.948935866355896,0.0034764213487505913,0.0011086462764069438,0.04287212714552879,-114.3287582397461,138.7805633544922,0.00036330163129605353
sp|P00552|KKA2_KLEPN,D,52,0.1533527821302414,22.098135904967783,E,0.001548128086142242,0.7246809601783752,0.27377092838287354,E,0.000712736917193979,0.000381448189727962,1.4224745427782182e-05,0.00891578197479248,0.7192493677139282,0.02544979378581047,0.005341396667063236,0.23993517458438873,-102.39019775390625,134.66062927246094,0.000762012496124953
sp|P00552|KKA2_KLEPN,L,53,0.27570441365242004,50.48147813975811,C,0.06126478686928749,0.12374257296323776,0.8149926066398621,C,0.036864690482616425,0.02584555745124817,0.00032764673233032227,0.013601291924715042,0.1175643801689148,0.23301507532596588,0.14680026471614838,0.4259810447692871,-87.13008117675781,23.562700271606445,0.005895068868994713
sp|P00552|KKA2_KLEPN,S,54,0.5752993226051331,67.4250806093216,C,0.12522956728935242,0.008461815305054188,0.8663085699081421,T,0.076219841837883,0.03894268348813057,0.00017717367154546082,0.00261845369823277,0.003596904221922159,0.13444773852825165,0.6501504182815552,0.09384678304195404,-74.99036407470703,68.1980972290039,0.0053727212361991405
sp|P00552|KKA2_KLEPN,G,55,0.4838787913322449,38.081260877847676,C,0.06697500497102737,0.009058217518031597,0.9239668250083923,T,0.04382579028606415,0.025906408205628395,0.0002964716113638133,0.0026139100082218647,0.005190019030123949,0.25906816124916077,0.4850849509239197,0.17801427841186523,88.05960845947266,2.9444332122802734,0.008581921458244324
sp|P00552|KKA2_KLEPN,A,56,0.24528555572032928,27.030468240380287,C,0.15265461802482605,0.008006174117326736,0.8393391966819763,C,0.03836255520582199,0.07455865293741226,0.0003277485375292599,0.0057909125462174416,0.0038240933790802956,0.08152192085981369,0.05521893873810768,0.7403950691223145,-80.70648193359375,66.23033905029297,0.00530599569901824
sp|P00552|KKA2_KLEPN,L,57,0.3152065575122833,57.71432068049908,H,0.8884342908859253,0.0026171207427978516,0.10894858092069626,H,0.04481682926416397,0.8422853350639343,0.0007516132318414748,0.0011615330586209893,0.0014215882401913404,0.021234311163425446,0.042818497866392136,0.04551025107502937,-62.47312545776367,-36.80355453491211,0.004856804385781288
sp|P00552|KKA2_KLEPN,N,58,0.7102271318435669,103.9772521018982,H,0.9425271153450012,0.0009212265722453594,0.05655170604586601,H,0.04075571522116661,0.8978337645530701,0.0003671784361358732,0.00024466050672344863,0.0006311234901659191,0.00793119054287672,0.031446125358343124,0.02079026587307453,-64.83243560791016,-35.83077621459961,0.003993108402937651
sp|P00552|KKA2_KLEPN,E,59,0.31731703877449036,55.43528667390346,H,0.9708319306373596,0.0009507082286290824,0.028217362239956856,H,0.039657555520534515,0.9218829870223999,0.0008080005063675344,0.0005343874217942357,0.0006463245954364538,0.004217293579131365,0.015830213204026222,0.016423162072896957,-66.75885772705078,-36.84353256225586,0.001998265041038394
sp|P00552|KKA2_KLEPN,L,60,0.0285180751234293,5.2216595550999045,H,0.9827090501785278,0.0010579413501545787,0.016232995316386223,H,0.008156492374837399,0.9744760990142822,0.0013923312071710825,0.0002756323083303869,0.0005063705611974001,0.0020279167219996452,0.006539000663906336,0.006626209244132042,-66.36824035644531,-40.80722427368164,0.0004100313817616552
sp|P00552|KKA2_KLEPN,Q,61,0.43244224786758423,77.23418546915055,H,0.996743381023407,0.00022135490144137293,0.003035303670912981,H,0.0014304164797067642,0.9948010444641113,0.0007612328045070171,3.1757350370753556e-05,8.517962851328775e-05,0.0001824588980525732,0.0017781052738428116,0.0009297406650148332,-62.88625717163086,-42.12112045288086,0.00030113381217233837
sp|P00552|KKA2_KLEPN,D,62,0.3632861375808716,52.349532425403595,H,0.9976083040237427,0.00011160052235936746,0.0022801747545599937,H,0.0013620676472783089,0.9957771301269531,0.0005555078969337046,2.6685949706006795e-05,4.189593892078847e-05,0.00013502420915756375,0.0014284783974289894,0.0006732487818226218,-64.33575439453125,-40.982383728027344,0.0001794772979337722
sp|P00552|KKA2_KLEPN,E,63,0.02381592057645321,4.160641324706376,H,0.9995666146278381,6.857610514998669e-06,0.00042650222894735634,H,0.0003592743305489421,0.9989989399909973,9.077183494810015e-05,2.135616341547575e-06,1.8635155356605537e-06,3.6556444683810696e-05,0.00041208488983102143,9.835707896854728e-05,-63.86921691894531,-42.46803665161133,1.3736304026679136e-05
sp|P00552|KKA2_KLEPN,A,64,0.05663173645734787,6.240817357599735,H,0.9991028308868408,2.2093112420407124e-05,0.0008751443820074201,H,0.0006230392027646303,0.998245120048523,0.00018642506620381027,3.5881014355254592e-06,6.61502326693153e-06,4.8340709327021614e-05,0.0006682338425889611,0.0002186887722928077,-63.14919662475586,-41.34491729736328,0.00011157379776705056
sp|P00552|KKA2_KLEPN,A,65,0.3918229043483734,43.17888405919075,H,0.9984924793243408,4.262895890860818e-05,0.0014649046352133155,H,0.0006374246440827847,0.9973691701889038,0.00033071995130740106,1.3377154573390726e-05,1.3084631063975394e-05,7.848547829780728e-05,0.0012660749489441514,0.0002917210222221911,-62.920509338378906,-41.54772186279297,0.00011910510511370376
sp|P00552|KKA2_KLEPN,R,66,0.14182792603969574,32.478595063090324,H,0.9954808950424194,4.279109271010384e-05,0.00447620265185833,H,0.0014028081204742193,0.9934275150299072,0.00025749808992259204,1.2393760698614642e-05,1.6257610695902258e-05,0.0002788756974041462,0.003356687258929014,0.0012479565339162946,-65.47020721435547,-42.25529098510742,8.900790271582082e-05
sp|P00552|KKA2_KLEPN,L,67,0.03507835417985916,6.422846650332212,H,0.9957972764968872,3.97472467739135e-05,0.004162922501564026,H,0.0015512719983235002,0.9935746788978577,0.00025029826792888343,8.109524060273543e-06,1.5064097169670276e-05,0.0002593458048067987,0.0031245434656739235,0.001216649659909308,-65.2391586303711,-39.02182388305664,8.816686022328213e-05
sp|P00552|KKA2_KLEPN,S,68,0.40818825364112854,47.839663326740265,H,0.996787428855896,5.408606375567615e-05,0.003158512059599161,H,0.0021902029402554035,0.9941588640213013,0.0002634759875945747,1.206868273584405e-05,1.838205753301736e-05,0.0001452168944524601,0.002563146408647299,0.0006486724014393985,-63.189453125,-39.49269485473633,0.00012662650260608643
sp|P00552|KKA2_KLEPN,W,69,0.23343133926391602,56.1402370929718,H,0.9943053126335144,0.00015759922098368406,0.005537011660635471,H,0.0027198127936571836,0.991275429725647,0.0006821650313213468,4.765725680044852e-05,6.85529230395332e-05,0.00030768621945753694,0.0033928346820175648,0.0015058447606861591,-64.1107177734375,-45.01274871826172,0.0001278009731322527
sp|P00552|KKA2_KLEPN,L,70,0.007807499263435602,1.4295531151350587,H,0.9914236664772034,5.380707807489671e-05,0.00852254219353199,H,0.00548205990344286,0.9841440916061401,0.000681938196066767,2.829810546245426e-05,1.8593374988995492e-05,0.0005074180662631989,0.006952082272619009,0.0021855428349226713,-64.7210693359375,-40.537628173828125,9.193136793328449e-05
sp|P00552|KKA2_KLEPN,A,71,0.3628913164138794,39.99062306880951,H,0.9649668335914612,0.0002620731247588992,0.034771185368299484,H,0.020962558686733246,0.9391777515411377,0.0008408327121287584,0.00010040873166872188,8.375114703085274e-05,0.0018562832847237587,0.031428735703229904,0.0055497451685369015,-63.92919158935547,-36.36888122558594,0.0005113329389132559
sp|P00552|KKA2_KLEPN,T,72,0.7814109921455383,108.38170461058616,H,0.8213232755661011,0.000197583285626024,0.1784791499376297,H,0.025598449632525444,0.7632101774215698,0.0012094074627384543,0.00014152591757010669,4.3612490117084235e-05,0.005496622063219547,0.1975206583738327,0.006779591087251902,-71.97667694091797,-24.5947322845459,0.00039091144572012126
sp|P00552|KKA2_KLEPN,T,73,0.3813018798828125,52.88657073974609,C,0.2890521287918091,0.0002623884938657284,0.7106854915618896,T,0.018989892676472664,0.31288573145866394,0.001599531271494925,0.00017433040193282068,4.6323406422743574e-05,0.061628714203834534,0.5776516199111938,0.027023909613490105,-90.68849182128906,-5.025804042816162,0.0008238887530751526
sp|P00552|KKA2_KLEPN,G,74,0.6841128468513489,53.83968104720116,C,0.000538084888830781,0.0005578206619247794,0.9989041090011597,T,0.0002134861279046163,0.0001222863793373108,4.051028372487053e-05,8.986588363768533e-05,0.00016367784701287746,0.042449742555618286,0.9130658507347107,0.04385458305478096,86.10099792480469,11.832953453063965,0.00018703099340200424
sp|P00552|KKA2_KLEPN,V,75,0.04733128845691681,7.274819035828113,C,0.00011030121822841465,0.014381066896021366,0.9855086207389832,C,2.5988923880504444e-05,2.7544414479052648e-05,5.222060735832201e-06,0.002262671245262027,0.013481623493134975,0.07519766688346863,0.0013851438416168094,0.9076141119003296,-88.18011474609375,129.03697204589844,0.00017372625006828457
sp|P00552|KKA2_KLEPN,P,76,0.30795618891716003,43.69898320734501,C,0.00010847687372006476,0.011263449676334858,0.988628089427948,C,2.965423664136324e-05,2.8575670512509532e-05,6.959490974622895e-07,0.003457379760220647,0.006973885931074619,0.02154960297048092,0.0020030925516039133,0.9659571051597595,-68.96634674072266,138.05763244628906,7.598718366352841e-05
sp|P00552|KKA2_KLEPN,C,77,0.11688733100891113,16.410981273651124,C,0.0007699477719143033,0.4042944312095642,0.5949355363845825,C,0.0004694119852501899,0.00015541957691311836,2.638129217302776e-06,0.19174273312091827,0.24672594666481018,0.06369350105524063,0.009360798634588718,0.48784953355789185,-115.60972595214844,144.68124389648438,0.00023848054115660489
sp|P00552|KKA2_KLEPN,A,78,0.047962870448827744,5.285508323460817,C,0.0001966522540897131,0.0214894637465477,0.9783138632774353,C,6.380382546922192e-05,4.824030474992469e-05,2.556049025770335e-07,0.00681515596807003,0.01570802740752697,0.0383230559527874,0.001882379874587059,0.9371591210365295,-73.1534194946289,144.9401397705078,3.273402762715705e-05
sp|P00552|KKA2_KLEPN,A,79,0.40131810307502747,44.22525495886803,C,0.0008455577772110701,0.05244773253798485,0.9467067122459412,C,0.00034413396497257054,0.00023294509446714073,1.8250725588586647e-06,0.009429982863366604,0.043889325112104416,0.04620622098445892,0.0035336173605173826,0.8963618874549866,-81.41609191894531,138.8157501220703,9.173572470899671e-05
sp|P00552|KKA2_KLEPN,V,80,0.18086914718151093,27.799587921798228,E,8.622757741250098e-05,0.9650412797927856,0.03487243875861168,E,2.641788887558505e-05,1.667368269409053e-05,3.555760841322808e-08,0.008856985718011856,0.9568433165550232,0.00042216171277686954,0.00023582953144796193,0.03359847143292427,-70.66059875488281,123.78316497802734,9.368288738187402e-05
sp|P00552|KKA2_KLEPN,L,81,0.3948812782764435,72.3027620524168,E,0.0001307254860876128,0.9736324548721313,0.02623683214187622,E,1.8948971046484075e-05,1.3207260053604841e-05,4.887340878667601e-07,0.00012369532487355173,0.9764654636383057,0.012742755934596062,0.0002366757398704067,0.010398821905255318,-98.34734344482422,-38.49366760253906,3.770251350942999e-05
sp|P00552|KKA2_KLEPN,D,82,0.32910391688346863,47.42387442290783,E,0.0001262343575945124,0.9962636828422546,0.0036100142169743776,E,2.8018850571243092e-05,1.5331876056734473e-05,4.10251800531114e-07,6.261341331992298e-05,0.9967367053031921,0.0007220394909381866,4.568474105326459e-05,0.0023891765158623457,-169.71124267578125,152.63487243652344,6.928384391358122e-05
sp|P00552|KKA2_KLEPN,V,83,0.2946990430355072,45.295242914557456,E,3.2027321140049025e-05,0.9971445202827454,0.002823550719767809,E,8.518820322933607e-06,6.737534022249747e-06,1.2661291748372605e-07,7.849690882721916e-05,0.9976722598075867,0.00012220085773151368,4.11867986258585e-05,0.0020704122725874186,-135.79161071777344,136.87899780273438,2.6118583264178596e-05
sp|P00552|KKA2_KLEPN,V,84,0.205442875623703,31.57656998336315,E,0.00010932459554169327,0.9932366013526917,0.006654190830886364,E,5.169806536287069e-05,1.817415795812849e-05,4.841055556425999e-07,0.00019376415002625436,0.9945582151412964,0.0005036333459429443,0.00012469093780964613,0.004549328237771988,-138.1845245361328,140.15884399414062,9.589771798346192e-05
sp|P00552|KKA2_KLEPN,T,85,0.5530608296394348,76.7095370709896,E,0.002990084933117032,0.9367460012435913,0.0602639801800251,E,0.001797812175936997,0.0005448648007586598,5.477866125147557e-06,0.0009626153041608632,0.9486236572265625,0.0042937202379107475,0.0037082566414028406,0.04006362333893776,-107.92611694335938,137.35089111328125,0.0003552582347765565
sp|P00552|KKA2_KLEPN,E,86,0.39330998063087463,68.7112536162138,E,0.00798689667135477,0.877024233341217,0.11498893052339554,E,0.005075123626738787,0.001444531953893602,1.5947516658343375e-05,0.013971487060189247,0.8477344512939453,0.013289427384734154,0.010781732387840748,0.10768726468086243,-126.36988067626953,132.98146057128906,0.0013075903989374638
sp|P00552|KKA2_KLEPN,A,87,0.7596171498298645,83.70980991125107,C,0.01473934855312109,0.002031775424256921,0.983228862285614,T,0.005467465613037348,0.0005031420732848346,2.350566546738264e-06,7.560876838397235e-05,0.0003021813463419676,0.02893674746155739,0.9601248502731323,0.0045875986106693745,48.75664138793945,28.948869705200195,0.0020604615565389395
sp|P00552|KKA2_KLEPN,G,88,0.717883825302124,56.49745705127716,C,0.006139134056866169,0.0003301447140984237,0.9935306906700134,T,0.0017245193012058735,0.00016154376498889178,1.3485455383488443e-06,1.4454908523475751e-05,3.8663238228764385e-05,0.022545225918293,0.9711682796478271,0.004345916211605072,79.56534576416016,4.53908109664917,0.0019382179016247392
sp|P00552|KKA2_KLEPN,R,89,0.3423050343990326,78.38785287737846,E,0.00022927821555640548,0.9527397751808167,0.04703086242079735,E,0.0002289935655426234,3.6110410292167217e-05,1.2569590523980878e-07,0.006448708008974791,0.9567436575889587,0.008738858625292778,0.0029479910153895617,0.024855464696884155,-113.59197235107422,141.49227905273438,0.0013724666787311435
sp|P00552|KKA2_KLEPN,D,90,0.18073670566082,26.044159285724163,E,0.00010610934987198561,0.9736306667327881,0.026263242587447166,E,5.984174276818521e-05,1.8227045075036585e-05,1.8403896717700263e-07,0.0006598946638405323,0.9817917346954346,0.002211635699495673,0.000741923286113888,0.014516556635499,-86.80692291259766,129.52426147460938,0.00018813382484950125
sp|P00552|KKA2_KLEPN,W,91,0.024813592433929443,5.967668980360031,E,0.000146586011396721,0.9913731217384338,0.008480302058160305,E,7.133966573746875e-05,3.122710404568352e-05,5.137791276865755e-07,0.0005214125267229974,0.9924370646476746,0.00046617945190519094,0.0002734424197115004,0.006198837421834469,-124.23297119140625,141.74972534179688,0.00012630259152501822
sp|P00552|KKA2_KLEPN,L,92,0.020846117287874222,3.8169240754097697,E,4.219775291858241e-05,0.9988899827003479,0.001067914767190814,E,1.2182692444184795e-05,1.090059959096834e-05,2.582674198947643e-07,0.00019675861403811723,0.9988964796066284,7.376703433692455e-05,2.731299537117593e-05,0.0007822790066711605,-113.1767349243164,131.77378845214844,2.8475926228566095e-05
sp|P00552|KKA2_KLEPN,L,93,0.012002458795905113,2.197650205530226,E,0.0002381667000008747,0.9958440661430359,0.003917811904102564,E,8.14515515230596e-05,6.794416549382731e-05,1.3216176739661023e-06,0.0006253045867197216,0.9960343241691589,0.00032292967080138624,0.0001219916230184026,0.0027446653693914413,-104.80066680908203,129.23214721679688,4.4859836634714156e-05
sp|P00552|KKA2_KLEPN,L,94,0.07841544598340988,14.357868159562349,E,0.00026274926494807005,0.9838770031929016,0.01586030051112175,E,5.563611557590775e-05,7.276747055584565e-05,3.0482660804409534e-06,0.0006062088068574667,0.9869759678840637,0.0013388250954449177,0.00039136296254582703,0.010556143708527088,-115.38367462158203,142.38088989257812,0.0001356275606667623
sp|P00552|KKA2_KLEPN,G,95,0.18209344148635864,14.330753844976426,E,0.0013965999241918325,0.8769384026527405,0.12166489660739899,E,0.0005172715173102915,0.0002467994054313749,5.020021944801556e-06,0.0020862887613475323,0.8906998038291931,0.025756990537047386,0.0033767225686460733,0.07731114327907562,-112.92662811279297,163.7003173828125,0.000528657459653914
sp|P00552|KKA2_KLEPN,E,96,0.4449172019958496,77.72703518867492,C,0.0012574371648952365,0.3551127314567566,0.6436298489570618,C,0.0013997855130583048,0.0002930955379270017,5.159447482583346e-06,0.02661982737481594,0.34905537962913513,0.0878189206123352,0.02633587270975113,0.5084719657897949,-82.00053405761719,128.95498657226562,0.0007300207507796586
sp|P00552|KKA2_KLEPN,V,97,0.0412810817360878,6.344902262836694,C,0.00020234139810781926,0.2275923490524292,0.7722052931785583,C,0.00012838366092182696,4.360941602499224e-05,1.1136468174299807e-06,0.045083921402692795,0.17301876842975616,0.03903729096055031,0.003171102609485388,0.7395157217979431,-107.39070892333984,128.40679931640625,0.00019723334116861224
sp|P00552|KKA2_KLEPN,P,98,0.47499826550483704,67.40225387513638,C,0.0006052171811461449,0.03689912334084511,0.9624956846237183,C,0.0010277701076120138,0.0002879844978451729,6.799808147661679e-07,0.005452941637486219,0.05344928056001663,0.07366988062858582,0.31597045063972473,0.5501409769058228,-61.76686477661133,137.98165893554688,0.0003654931206256151
sp|P00552|KKA2_KLEPN,G,99,0.400895893573761,31.55050682425499,C,0.01049022562801838,0.10385393351316452,0.8856558203697205,T,0.009628478437662125,0.003899926319718361,4.009066105936654e-05,0.012863174080848694,0.11838327348232269,0.2690369784832001,0.365777850151062,0.22037026286125183,109.04878997802734,-19.069995880126953,0.00048707277164794505
sp|P00552|KKA2_KLEPN,Q,100,0.4563952088356018,81.51218429803848,E,0.005041349213570356,0.8538689017295837,0.1410897970199585,E,0.0018510939553380013,0.0018037732224911451,1.2265539226063993e-05,0.060648076236248016,0.7923848032951355,0.021931970492005348,0.0027290580328553915,0.11863891780376434,-108.89627838134766,141.8607940673828,0.0012422770960256457
sp|P00552|KKA2_KLEPN,D,101,0.3321163058280945,47.85795966982841,E,0.002781794173642993,0.9027698636054993,0.09444830566644669,E,0.0011295316508039832,0.0017001884989440441,6.184699486766476e-06,0.10797344148159027,0.7573409080505371,0.004304318688809872,0.0017354520969092846,0.12580996751785278,-80.46161651611328,133.02711486816406,0.0014279914321377873
sp|P00552|KKA2_KLEPN,L,102,0.04942963644862175,9.050566433742642,C,0.27186745405197144,0.015819057822227478,0.7123134732246399,C,0.24857737123966217,0.0937637910246849,0.00030296112527139485,0.0037098920438438654,0.010821721516549587,0.04981628432869911,0.2959166467189789,0.2970912754535675,-71.62068176269531,-22.874622344970703,0.002021165331825614
sp|P00552|KKA2_KLEPN,L,103,0.2974199652671814,54.45759564042091,C,0.4328816533088684,0.009125858545303345,0.5579925179481506,T,0.24425548315048218,0.1482955664396286,0.000652654911391437,0.0037943071220070124,0.0035568345338106155,0.06265071779489517,0.44006532430648804,0.09672906249761581,-76.16825866699219,-17.709415435791016,0.0047730994410812855
sp|P00552|KKA2_KLEPN,S,104,0.5522862672805786,64.72795052528382,C,0.40927237272262573,0.008239745162427425,0.5824878811836243,G,0.2988142967224121,0.14248067140579224,0.0008558127447031438,0.003790660761296749,0.005182367749512196,0.1307012289762497,0.24439138174057007,0.173783540725708,-85.5457992553711,7.373838901519775,0.00726405018940568
sp|P00552|KKA2_KLEPN,S,105,0.49244168400764465,57.714165365695955,C,0.1263708919286728,0.002675351221114397,0.8709536790847778,T,0.09427166730165482,0.04111117869615555,0.0003492044343147427,0.0014362893998622894,0.0013902911450713873,0.24179847538471222,0.42345014214515686,0.19619275629520416,-75.88463592529297,-2.09806489944458,0.007885371334850788
sp|P00552|KKA2_KLEPN,H,106,0.8121649622917175,147.73280664086343,C,0.04539810121059418,0.0031025863718241453,0.9514992833137512,T,0.036317698657512665,0.015744324773550034,0.00036650762194767594,0.001421362510882318,0.001651282305829227,0.2278074324131012,0.4637761116027832,0.25291523337364197,-89.05657958984375,14.171534538269043,0.014731748029589653
sp|P00552|KKA2_KLEPN,L,107,0.16820313036441803,30.79799316972494,C,0.017361724749207497,0.01038405578583479,0.9722541570663452,C,0.005961109418421984,0.00577482720836997,0.0001810553076211363,0.010704818181693554,0.004119778051972389,0.4339563250541687,0.018327858299016953,0.5209740996360779,-100.62921142578125,138.67745971679688,0.010423275642096996
sp|P00552|KKA2_KLEPN,A,108,0.4005388915538788,44.13938584923744,C,0.005679471418261528,0.0009453263483010232,0.9933752417564392,C,0.0006075594574213028,0.003305308986455202,1.5365991202997975e-05,0.0006535380962304771,0.000363318482413888,0.04819415509700775,0.004546744748950005,0.942314088344574,-78.46937561035156,146.81101989746094,0.002523599425330758
sp|P00552|KKA2_KLEPN,P,109,0.3672967851161957,52.11941380798817,H,0.936863362789154,7.328279025387019e-05,0.06306342780590057,H,0.028861092403531075,0.9203505516052246,0.00019856794096995145,1.7503123672213405e-05,2.942525861726608e-05,0.0060083940625190735,0.020414059981703758,0.02412041276693344,-58.092098236083984,-36.415897369384766,0.0028702113777399063
sp|P00552|KKA2_KLEPN,A,110,0.5315544605255127,58.5773015499115,H,0.9606435894966125,0.000306544330669567,0.03904985636472702,H,0.023407353088259697,0.9423776865005493,0.0007151581812649965,6.14623713772744e-05,0.00017131530330516398,0.003539819037541747,0.017676828429102898,0.012050365097820759,-64.30552673339844,-39.63995361328125,0.001703816233202815
sp|P00552|KKA2_KLEPN,E,111,0.6031569838523865,105.37152507901192,H,0.9782896637916565,0.000319387239869684,0.021390940994024277,H,0.03574315831065178,0.9381654262542725,0.0011992115760222077,0.00012319137749727815,0.00018987839575856924,0.0028510880656540394,0.014498330652713776,0.0072296783328056335,-66.29281616210938,-37.476253509521484,0.0010589471785351634
sp|P00552|KKA2_KLEPN,K,112,0.13700777292251587,28.18249889016151,H,0.9842256307601929,0.0003919183218386024,0.015382463112473488,H,0.010015060193836689,0.9737266302108765,0.002513494808226824,0.00014671329699922353,0.00014734511205460876,0.0016841244651004672,0.005655624903738499,0.006110970862209797,-66.85440826416016,-40.846378326416016,0.0006345235742628574
sp|P00552|KKA2_KLEPN,V,113,0.03520538657903671,5.411067917197943,H,0.9961197376251221,0.0001421426422894001,0.00373820005916059,H,0.0010050659766420722,0.9953058362007141,0.0010644793510437012,1.5866602552705444e-05,5.669415259035304e-05,0.0001911543804453686,0.000984935206361115,0.0013758490094915032,-63.873252868652344,-42.72184371948242,0.00015120100579224527
sp|P00552|KKA2_KLEPN,S,114,0.37535715103149414,43.991858100891115,H,0.9986923336982727,4.142230318393558e-05,0.0012662520166486502,H,0.0005137697444297373,0.9978079199790955,0.0005255891592241824,3.854682745441096e-06,1.7238657164853066e-05,6.675686017842963e-05,0.0007058334304019809,0.0003590267151594162,-63.498985290527344,-42.242557525634766,9.717191278468817e-05
sp|P00552|KKA2_KLEPN,I,115,0.18033136427402496,33.36130239069462,H,0.9993433356285095,2.8235444915480912e-05,0.0006284391856752336,H,0.0003751270705834031,0.9988284707069397,0.0003174954035785049,3.696762860272429e-06,8.960148988990113e-06,3.189559356542304e-05,0.00029439793433994055,0.0001399356551701203,-64.26561737060547,-42.93324279785156,3.2172876672120765e-05
sp|P00552|KKA2_KLEPN,M,116,0.0041554151102900505,0.8314985635690391,H,0.9993088245391846,1.602614065632224e-05,0.0006751493201591074,H,0.0003097326261922717,0.9987528324127197,0.00033172054099850357,1.9452866126812296e-06,5.719222372135846e-06,5.026394501328468e-05,0.00035314029082655907,0.00019461495685391128,-65.3553466796875,-43.380802154541016,1.3943317753728479e-05
sp|P00552|KKA2_KLEPN,A,117,0.012821400538086891,1.4129183392971754,H,0.9998078942298889,5.167197741684504e-06,0.000186958335689269,H,0.0001310327061219141,0.9995765089988708,0.00014078310050535947,2.5259441827074625e-07,1.3839190842190874e-06,8.17842192191165e-06,0.00010337001003790647,3.84893937734887e-05,-63.018009185791016,-42.303409576416016,3.820651181740686e-05
sp|P00552|KKA2_KLEPN,D,118,0.45474401116371155,65.52861200869083,H,0.9994966983795166,8.791867003310472e-06,0.0004944675602018833,H,0.00017987412866204977,0.999122679233551,0.00021743921388406307,1.5218926137094968e-06,3.147188863295014e-06,1.7091879271902144e-05,0.0003487168869469315,0.00010952722368529066,-63.612789154052734,-42.92476272583008,8.864756091497838e-05
sp|P00552|KKA2_KLEPN,A,119,0.021620456129312515,2.382574265450239,H,0.9994913339614868,5.322620836523129e-06,0.0005033299676142633,H,0.00020584715821314603,0.9992812275886536,0.0001543735124869272,5.339601898413093e-07,1.561059548293997e-06,1.6597809008089826e-05,0.00023481037351302803,0.00010513203596929088,-63.4880485534668,-43.77908706665039,2.269236028951127e-05
sp|P00552|KKA2_KLEPN,M,120,0.008018280379474163,1.60445790393278,H,0.998664379119873,1.4093197023612447e-05,0.0013215594226494431,H,0.00040794091182760894,0.9982932209968567,0.00021482260490301996,1.6306472616633982e-06,4.435391929291654e-06,5.2174567827023566e-05,0.0007112298044376075,0.00031452448456548154,-63.82611846923828,-41.55228805541992,4.1779418097576126e-05
sp|P00552|KKA2_KLEPN,R,121,0.3452220857143402,79.05585762858391,H,0.9975566864013672,2.8818152713938616e-05,0.002414517570286989,H,0.0007980241789482534,0.9965785145759583,0.000594691839069128,4.612308202922577e-06,9.384697477798909e-06,7.180741522461176e-05,0.0015283396933227777,0.00041459640488028526,-63.512699127197266,-40.49906921386719,0.0002465866564307362
sp|P00552|KKA2_KLEPN,R,122,0.3972975015640259,90.98112785816193,H,0.9919635057449341,7.618511153850704e-05,0.007960288785398006,H,0.0015662554651498795,0.9901296496391296,0.0011832930613309145,2.3719998353044502e-05,2.5654233468230814e-05,0.0003635020402725786,0.0056020296178758144,0.0011059069074690342,-65.45578002929688,-40.057071685791016,0.00023542567214462906
sp|P00552|KKA2_KLEPN,L,123,0.012684629298746586,2.3225556246004997,H,0.9891030788421631,3.568382089724764e-05,0.010861140675842762,H,0.008655773475766182,0.9770839810371399,0.0013750809011980891,1.7314567230641842e-05,1.3283454791235272e-05,0.0007469692500308156,0.009895763359963894,0.0022118885535746813,-65.1454086303711,-38.541996002197266,8.633878314867616e-05
sp|P00552|KKA2_KLEPN,H,124,0.14465953409671783,26.313569252192973,H,0.8642373085021973,0.0003154540027026087,0.13544726371765137,H,0.01928061433136463,0.8397341370582581,0.000698360672686249,0.00014077001833356917,5.834328840137459e-05,0.0034891818650066853,0.12921853363513947,0.007380032446235418,-68.78953552246094,-27.153520584106445,0.00048193352995440364
sp|P00552|KKA2_KLEPN,T,125,0.6463623046875,89.65045166015624,C,0.35945430397987366,0.0008281709742732346,0.6397175192832947,T,0.028651447966694832,0.22874601185321808,0.00040035450365394354,0.00036671399720944464,0.0001298230781685561,0.01694529317319393,0.7091163396835327,0.015644006431102753,-87.38201141357422,-10.252106666564941,0.0009311537141911685
sp|P00552|KKA2_KLEPN,L,126,0.1300307959318161,23.808638735115526,C,0.007294039241969585,0.002653236733749509,0.9900527596473694,S,0.0011455412022769451,0.0030803903937339783,5.6565968407085165e-05,0.0030455889645963907,0.0010567621793597937,0.5494554042816162,0.011181391775608063,0.43097829818725586,-79.25347137451172,145.11663818359375,0.0017924007261171937
sp|P00552|KKA2_KLEPN,D,127,0.6086971759796143,87.7132630586624,C,0.0005081002600491047,0.0030726823024451733,0.9964191913604736,C,0.00013241739361546934,9.525194764137268e-05,1.0675029216145049e-06,0.0014387945411726832,0.0010306064505130053,0.009159347973763943,0.0009361441479995847,0.9872064590454102,-87.9366226196289,130.81259155273438,0.0024170533288270235
sp|P00552|KKA2_KLEPN,P,128,0.2873412072658539,40.77371731102467,C,0.329104483127594,0.001360416878014803,0.6695351004600525,T,0.2624223232269287,0.048554737120866776,5.4141222790349275e-05,0.0001485857501393184,0.0004724860773421824,0.022390305995941162,0.5839409828186035,0.08201644569635391,-61.26671600341797,-25.65482521057129,0.004822271876037121
sp|P00552|KKA2_KLEPN,A,129,0.7086114883422852,78.08898601531983,C,0.2342403531074524,0.0017436346970498562,0.7640159726142883,T,0.15369491279125214,0.026239532977342606,4.5867975131841376e-05,0.00020001432858407497,0.0003764441062230617,0.03399521857500076,0.7555020451545715,0.029946034774184227,-69.51702880859375,-24.312923431396484,0.0035547479055821896
sp|P00552|KKA2_KLEPN,T,130,0.631206214427948,87.54830194115638,C,0.2655245065689087,0.004046979825943708,0.7304285168647766,T,0.2052178978919983,0.054013509303331375,0.00015141571930143982,0.0012410529889166355,0.001394961029291153,0.07534942030906677,0.5960282683372498,0.06660351902246475,-94.03690338134766,-7.737257957458496,0.00468284310773015
sp|P00552|KKA2_KLEPN,C,131,0.09504298865795135,13.344035607576371,C,0.0040432424284517765,0.006056674290448427,0.9899000525474548,S,0.0015777249354869127,0.001368164550513029,1.4665914022771176e-05,0.003062406089156866,0.0027147498913109303,0.5145479440689087,0.01047266460955143,0.46624165773391724,-93.67863464355469,128.12350463867188,0.0041669802740216255
sp|P00552|KKA2_KLEPN,P,132,0.4572087824344635,64.87792622745037,C,0.023942898958921432,0.010264535434544086,0.9657925963401794,C,0.012026648968458176,0.011677039787173271,8.056464866967872e-05,0.005652016028761864,0.007329460699111223,0.148739755153656,0.11982610821723938,0.6946684122085571,-70.27191162109375,90.43705749511719,0.00556654529646039
sp|P00552|KKA2_KLEPN,F,133,0.20842908322811127,41.83171700388193,C,0.09547548741102219,0.05256074294447899,0.8519637584686279,C,0.04659554362297058,0.04486456140875816,0.0005463477573357522,0.044345587491989136,0.02744515985250473,0.17892462015151978,0.20276406407356262,0.45451417565345764,-90.28733825683594,99.32416534423828,0.004787091165781021
sp|P00552|KKA2_KLEPN,D,134,0.5160956978797913,74.36939006447791,C,0.17763158679008484,0.03231441602110863,0.7900539636611938,C,0.034445542842149734,0.13851265609264374,0.0013843398774042726,0.010926871560513973,0.02376449853181839,0.11673353612422943,0.11128169298171997,0.562950849533081,-83.57958221435547,54.897071838378906,0.008210139349102974
sp|P00552|KKA2_KLEPN,H,135,0.4480934143066406,81.50819206237793,C,0.3403846323490143,0.04597784951329231,0.6136375665664673,C,0.06243491545319557,0.2599792778491974,0.0014877747744321823,0.010732892900705338,0.03492395579814911,0.19728057086467743,0.17020592093467712,0.2629547119140625,-84.01261901855469,-13.232138633728027,0.005946636665612459
sp|P00552|KKA2_KLEPN,Q,136,0.4072834849357605,72.74083040952682,C,0.3665156960487366,0.05799701437354088,0.5754872560501099,C,0.041620779782533646,0.3269479274749756,0.001094046630896628,0.026746131479740143,0.03755839541554451,0.07396762818098068,0.10639352351427078,0.38567155599594116,-82.1979751586914,-0.6449094414710999,0.004833876620978117
sp|P00552|KKA2_KLEPN,A,137,0.08122491091489792,8.950985182821752,H,0.8225222826004028,0.01243843138217926,0.1650393009185791,H,0.040828391909599304,0.7931988835334778,0.003056159010156989,0.0032114339992403984,0.007276135962456465,0.023731200024485588,0.045208364725112915,0.08348944783210754,-69.16473388671875,-34.82781982421875,0.003089351113885641
sp|P00552|KKA2_KLEPN,K,138,0.423373281955719,87.0878840982914,H,0.9099022150039673,0.005921187810599804,0.08417653292417526,H,0.02372881956398487,0.8828111886978149,0.0028855169657617807,0.001087674405425787,0.004234816879034042,0.013311362825334072,0.03526260703802109,0.036677949130535126,-64.53679656982422,-39.316673278808594,0.0030986645724624395
sp|P00552|KKA2_KLEPN,H,139,0.4096011221408844,74.50644411742688,H,0.9177150130271912,0.00690709613263607,0.07537786662578583,H,0.015457529574632645,0.9077892303466797,0.0031822514720261097,0.0013819490559399128,0.004585585091263056,0.011437901295721531,0.023665083572268486,0.03250046819448471,-69.44631958007812,-38.485260009765625,0.0015904611209407449
sp|P00552|KKA2_KLEPN,R,140,0.1538463532924652,35.23081490397453,H,0.9817097783088684,0.001444799592718482,0.016845323145389557,H,0.006445011589676142,0.9740033745765686,0.0013848843518644571,0.0003719397645909339,0.0007023512152954936,0.002326251706108451,0.007721142843365669,0.007045083213597536,-65.00109100341797,-41.00994110107422,0.0010551221203058958
sp|P00552|KKA2_KLEPN,I,141,0.04288333281874657,7.933416571468115,H,0.9940605759620667,0.0004338582803029567,0.0055055441334843636,H,0.0011770663550123572,0.9931778907775879,0.0011199136497452855,3.920640665455721e-05,0.000215551583096385,0.0005409496370702982,0.001975865103304386,0.0017535729566588998,-64.09132385253906,-42.657501220703125,0.000154056484461762
sp|P00552|KKA2_KLEPN,E,142,0.5141288638114929,89.8183125078678,H,0.9984316229820251,5.1637056458275765e-05,0.0015167186502367258,H,0.0005547498003579676,0.9975517392158508,0.00038929181755520403,4.679344783653505e-06,2.5867622753139585e-05,8.772988803684711e-05,0.0009657925693318248,0.0004200730472803116,-62.71244812011719,-43.45817565917969,0.00019817268184851855
sp|P00552|KKA2_KLEPN,R,143,0.40944117307662964,93.76202863454819,H,0.9977236390113831,0.00012141211482230574,0.002154930727556348,H,0.0005704707000404596,0.9966712594032288,0.00045319783384911716,3.0889688787283376e-05,5.363885065889917e-05,0.00014540170377586037,0.0014243139885365963,0.0006508471560664475,-64.86527252197266,-43.412288665771484,0.0001850562694016844
sp|P00552|KKA2_KLEPN,A,144,0.009477267041802406,1.0443948280066253,H,0.9985159039497375,5.3608877351507545e-05,0.0014305554796010256,H,0.00043777693645097315,0.9979191422462463,0.00030141958268359303,4.552320206130389e-06,2.0831597794312984e-05,0.00011382504453649744,0.0008125037420541048,0.0003899396688211709,-62.89741516113281,-43.920658111572266,3.093334089498967e-05
sp|P00552|KKA2_KLEPN,R,145,0.26557570695877075,60.8168368935585,H,0.9982074499130249,9.150809637503698e-05,0.0017010833835229278,H,0.0004735334950964898,0.997512936592102,0.00046343839494511485,8.767951840127353e-06,4.2171541281277314e-05,0.00010230533371213824,0.0008905857102945447,0.0005061861593276262,-62.26429748535156,-43.36722946166992,0.00014793167065363377
sp|P00552|KKA2_KLEPN,T,146,0.495040625333786,68.66213473379611,H,0.9985939860343933,1.9552888261387125e-05,0.0013865154469385743,H,0.00024251779541373253,0.9980913996696472,0.0004047444963362068,4.069430360686965e-06,7.615903996338602e-06,6.855941319372505e-05,0.0008965713204815984,0.00028459777240641415,-63.13365173339844,-43.286781311035156,0.00011818699567811564
sp|P00552|KKA2_KLEPN,R,147,0.26936402916908264,61.684362679719925,H,0.9978019595146179,4.03807898692321e-05,0.002157710725441575,H,0.000498264329507947,0.9968215227127075,0.00047784362686797976,7.905990969447885e-06,1.791007161955349e-05,0.00014767090033274144,0.0013590498128905892,0.0006697900244034827,-64.85093688964844,-42.854461669921875,0.0001663490547798574
sp|P00552|KKA2_KLEPN,M,148,0.05643947795033455,11.293539537861943,H,0.9956150054931641,0.00010579562513157725,0.004279269836843014,H,0.0008280125912278891,0.994758665561676,0.0003847820917144418,2.1008498151786625e-05,3.738361192517914e-05,0.00020790619601029903,0.0029144154395908117,0.0008478945819661021,-62.86151885986328,-44.707763671875,0.00012780498946085572
sp|P00552|KKA2_KLEPN,E,149,0.6495617032051086,113.47842954993247,H,0.9880697131156921,6.84013866703026e-05,0.011861857026815414,H,0.0007679780828766525,0.9908418655395508,0.0004111839225515723,1.8788790839607827e-05,1.7460530216339976e-05,0.0002354745229240507,0.0065767597407102585,0.0011303661158308387,-60.2222900390625,-36.93394470214844,0.0005319120828062296
sp|P00552|KKA2_KLEPN,A,150,0.5885429978370667,64.85743836164475,C,0.24167150259017944,0.00043394858948886395,0.7578945755958557,T,0.003364077303558588,0.19328093528747559,0.0003118332533631474,0.00014145886234473437,3.3087821066146716e-05,0.005160531960427761,0.7922473549842834,0.005460810847580433,-78.06646728515625,-7.283723831176758,0.001572491368278861
sp|P00552|KKA2_KLEPN,G,151,0.5728060007095337,45.0798322558403,C,0.010120791383087635,0.00046956585720181465,0.9894096851348877,T,0.0005673101404681802,0.0028791530057787895,0.0002468755701556802,6.660579674644396e-05,4.954303221893497e-05,0.01847136579453945,0.9576958417892456,0.020023435354232788,77.89396667480469,17.37160301208496,0.00357460998930037
sp|P00552|KKA2_KLEPN,L,152,0.3439033627510071,62.9687057197094,C,0.0076575567945837975,0.008035734295845032,0.9843066930770874,S,0.002758011221885681,0.0030127246864140034,0.0002648012596182525,0.0028919344767928123,0.004830361343920231,0.6280788779258728,0.07102393358945847,0.2871394157409668,-83.43490600585938,-20.11683464050293,0.0053121596574783325
sp|P00552|KKA2_KLEPN,V,153,0.07181873917579651,11.038540211319923,C,0.0016207697335630655,0.07836676388978958,0.9200124144554138,S,0.0005305757513269782,0.0004723820020444691,4.828908640774898e-05,0.05554618313908577,0.029767649248242378,0.5110769271850586,0.0076274629682302475,0.39493051171302795,-121.20894622802734,138.83412170410156,0.004546333570033312
sp|P00552|KKA2_KLEPN,D,154,0.5310798287391663,76.52860332131385,C,0.001973835052922368,0.019293401390314102,0.9787327647209167,C,0.0006108431261964142,0.0008149858331307769,2.9149239708203822e-05,0.006171500775963068,0.012760534882545471,0.03956473618745804,0.003528826404362917,0.9365194439888,-99.07652282714844,148.86184692382812,0.011885467916727066
sp|P00552|KKA2_KLEPN,Q,155,0.4872937500476837,87.03066375851631,H,0.7946850657463074,0.0017239224398508668,0.20359103381633759,G,0.7009803056716919,0.10767433792352676,9.774757199920714e-05,0.000288069510133937,0.0008580885478295386,0.018569957464933395,0.1361767202615738,0.035354744642972946,-60.550479888916016,-31.12129020690918,0.011716170236468315
sp|P00552|KKA2_KLEPN,D,156,0.7832738161087036,112.86975690126418,H,0.8021161556243896,0.001907288795337081,0.19597646594047546,G,0.7136886119842529,0.09664327651262283,0.0001438364270143211,0.0002323906373931095,0.0008810125291347504,0.016358256340026855,0.14823198318481445,0.02382068894803524,-69.30621337890625,-24.295988082885742,0.02163379080593586
sp|P00552|KKA2_KLEPN,D,157,0.3998606503009796,57.61991970837116,H,0.8165820837020874,0.003821650054305792,0.17959626019001007,G,0.7131702303886414,0.1306948959827423,0.000329217262333259,0.0010974955512210727,0.0015836305683478713,0.01800590381026268,0.0949244573712349,0.04019418731331825,-86.11803436279297,-11.013422966003418,0.02215047925710678
sp|P00552|KKA2_KLEPN,L,158,0.11877009272575378,21.746803978085516,C,0.17100778222084045,0.04589766263961792,0.7830945253372192,C,0.0515061616897583,0.10840696841478348,0.0012504757614806294,0.046859633177518845,0.0189939234405756,0.25803497433662415,0.06872832030057907,0.4462195336818695,-85.33138275146484,126.36003112792969,0.019337663426995277
sp|P00552|KKA2_KLEPN,D,159,0.47326627373695374,68.19767004549503,C,0.09211546182632446,0.010194852016866207,0.8976896405220032,C,0.010492799803614616,0.0717802569270134,0.002048962516710162,0.008198286406695843,0.005278030876070261,0.07530294358730316,0.034910865128040314,0.7919878959655762,-84.99981689453125,151.05711364746094,0.029915906488895416
sp|P00552|KKA2_KLEPN,E,160,0.7332587242126465,128.10029911994934,H,0.6971914768218994,0.0010238423710688949,0.30178460478782654,H,0.1461750864982605,0.49066901206970215,0.0035345840733498335,0.0004996830248273909,0.000651583366561681,0.05420782417058945,0.23393383622169495,0.07032842189073563,-62.11976623535156,-34.34782028198242,0.0330478772521019
sp|P00552|KKA2_KLEPN,E,161,0.7063886523246765,123.40609756112097,H,0.7042544484138489,0.0023232551757246256,0.29342231154441833,H,0.2506239712238312,0.40390709042549133,0.004308109637349844,0.0011101625859737396,0.0014795575989410281,0.043425995856523514,0.2215280383825302,0.07361707091331482,-70.21669006347656,-30.823305130004883,0.04303776100277901
sp|P00552|KKA2_KLEPN,H,162,0.233893021941185,42.54514069110155,H,0.5925595760345459,0.008925828151404858,0.39851462841033936,H,0.2128513902425766,0.37093737721443176,0.0056398361921310425,0.005024577025324106,0.004486756399273872,0.06283526122570038,0.20744438469409943,0.13078035414218903,-87.71978759765625,-10.843390464782715,0.039364803582429886
sp|P00552|KKA2_KLEPN,Q,163,0.34929367899894714,62.38385106921196,C,0.29519417881965637,0.0395636148750782,0.6652421951293945,T,0.07434429228305817,0.21646748483181,0.009115184657275677,0.023254191502928734,0.016626950353384018,0.0835811197757721,0.42149674892425537,0.1551140993833542,-72.4103775024414,3.1663870811462402,0.017996633425354958
sp|P00552|KKA2_KLEPN,G,164,0.4630126655101776,36.43909677565098,C,0.24042226374149323,0.03190352022647858,0.7276742458343506,T,0.0790029987692833,0.13499708473682404,0.012920885346829891,0.00875153299421072,0.017060978338122368,0.13997980952262878,0.44342318177223206,0.16386350989341736,-48.2752571105957,-15.122923851013184,0.011249142698943615
sp|P00552|KKA2_KLEPN,L,165,0.32790401577949524,60.03922528922558,C,0.16908717155456543,0.027249392122030258,0.8036633729934692,C,0.0443279892206192,0.13585349917411804,0.006008870434015989,0.023145154118537903,0.01669268310070038,0.27338913083076477,0.11930787563323975,0.3812747001647949,-88.41971588134766,73.19142150878906,0.004202553536742926
sp|P00552|KKA2_KLEPN,A,166,0.12681759893894196,13.975299403071404,C,0.49434781074523926,0.004475701134651899,0.5011764168739319,H,0.010471939109265804,0.4876921772956848,0.0013211126206442714,0.006114349700510502,0.0017163710435852408,0.12358687818050385,0.027194863185286522,0.34190234541893005,-72.40969848632812,-150.9007568359375,0.0008506009471602738
sp|P00552|KKA2_KLEPN,P,167,0.07518860697746277,10.669263330101968,H,0.7990880608558655,0.00415235199034214,0.19675961136817932,H,0.026267852634191513,0.7787073254585266,0.0011177173582836986,0.0016907178796827793,0.002998029813170433,0.020602593198418617,0.03117266669869423,0.13744312524795532,-60.5227165222168,-41.992305755615234,0.0010397577425464988
sp|P00552|KKA2_KLEPN,A,168,0.39909788966178894,43.980587440729145,H,0.9881765246391296,0.0007434968138113618,0.011079872027039528,H,0.007341866847127676,0.9810034036636353,0.0004642785061150789,0.00012990729010198265,0.000440646632341668,0.0018974537961184978,0.004358148202300072,0.004364401567727327,-64.8614273071289,-41.406463623046875,0.0005163527093827724
sp|P00552|KKA2_KLEPN,E,169,0.5253868103027344,91.78507575988769,H,0.9934873580932617,0.000612072937656194,0.005900602787733078,H,0.0058008404448628426,0.9869938492774963,0.000449933490017429,0.00011318950419081375,0.0003561830671969801,0.0007917289040051401,0.0033880043774843216,0.002106238389387727,-68.03424835205078,-41.217105865478516,0.00021038959675934166
sp|P00552|KKA2_KLEPN,L,170,0.01921439915895462,3.518156486004591,H,0.9983386993408203,6.441210280172527e-05,0.0015969487139955163,H,0.001793092000298202,0.9964397549629211,0.00024205622321460396,1.434366095054429e-05,2.865340320568066e-05,0.00022310686472337693,0.0006993026472628117,0.0005597433191724122,-64.2633285522461,-44.483402252197266,3.931880564778112e-05
sp|P00552|KKA2_KLEPN,F,171,0.05877724289894104,11.796592649817466,H,0.9980754852294922,9.467772906646132e-05,0.0018298503709957004,H,0.0007567392894998193,0.997285008430481,0.0005027228035032749,9.095336281461641e-06,4.0333627111976966e-05,0.0001575046480866149,0.0006913638790138066,0.0005571816582232714,-63.92345428466797,-42.43111038208008,2.8812459277105518e-05
sp|P00552|KKA2_KLEPN,A,172,0.47745808959007263,52.615881472826004,H,0.9989050626754761,2.1461801225086674e-05,0.0010734759271144867,H,0.0006257200730033219,0.9979064464569092,0.0003416441031731665,2.15672343983897e-06,9.805953595787287e-06,6.420468707801774e-05,0.0008226688369177282,0.00022736242681276053,-61.58229064941406,-42.88554000854492,6.834872328909114e-05
sp|P00552|KKA2_KLEPN,R,173,0.40627363324165344,93.03666201233864,H,0.9972406625747681,6.207202386576682e-05,0.0026972671039402485,H,0.0010661829728633165,0.9957970380783081,0.0005290054832585156,1.7299604223808274e-05,2.3061684260028414e-05,0.00017876153287943453,0.0018070897785946727,0.0005816078628413379,-64.3297348022461,-43.01005554199219,8.854921907186508e-05
sp|P00552|KKA2_KLEPN,L,174,0.00674245972186327,1.2345443750731646,H,0.9949182868003845,0.00010002000635722652,0.004981657490134239,H,0.003165728412568569,0.9915973544120789,0.0006231908919289708,1.8730186639004387e-05,4.226124656270258e-05,0.0004254133382346481,0.002753235399723053,0.0013741642469540238,-64.54931640625,-42.62036895751953,6.833066436229274e-05
sp|P00552|KKA2_KLEPN,K,175,0.4046061038970947,83.22747557163238,H,0.980108916759491,0.0002706048544496298,0.019620468840003014,H,0.015384660102427006,0.96330726146698,0.0004574022314045578,8.949617767939344e-05,0.00011470515164546669,0.0009378560935147107,0.015619521960616112,0.004088967572897673,-62.144142150878906,-35.920963287353516,0.00033756837365217507
sp|P00552|KKA2_KLEPN,A,176,0.7378895878791809,81.31543258428574,H,0.7738018035888672,0.00030925453756935894,0.2258889228105545,H,0.025019515305757523,0.7199128270149231,0.001205949578434229,0.00014386170369107276,7.078517955960706e-05,0.005706517957150936,0.23795507848262787,0.009985452517867088,-68.30863952636719,-25.60088348388672,0.0010264388984069228
sp|P00552|KKA2_KLEPN,R,177,0.4182594120502472,95.7814053595066,H,0.570203423500061,0.0004182502452749759,0.42937830090522766,H,0.03512679040431976,0.5062090754508972,0.0016677026869729161,0.00014289648970589042,8.950074698077515e-05,0.02633875049650669,0.41001036763191223,0.020414911210536957,-91.14002990722656,-16.33451271057129,0.002353088464587927
sp|P00552|KKA2_KLEPN,M,178,0.09359248727560043,18.727856703847646,C,0.01494204718619585,0.002405639039352536,0.9826523065567017,S,0.002343942644074559,0.006237398833036423,9.70181281445548e-05,0.002416510134935379,0.0006663784733973444,0.5528833866119385,0.013786283321678638,0.4215690493583679,-95.56521606445312,133.3829345703125,0.004249097779393196
sp|P00552|KKA2_KLEPN,P,179,0.400955468416214,56.89558096826077,C,0.04082160070538521,0.0010595021303743124,0.9581189155578613,C,0.02330745756626129,0.009812773205339909,7.526731496909633e-05,0.0007633381756022573,0.000512883416377008,0.05111316964030266,0.06788086146116257,0.8465341925621033,-65.93767547607422,149.846435546875,0.010520604439079762
sp|P00552|KKA2_KLEPN,D,180,0.8194922804832458,118.08883761763572,C,0.07798268646001816,0.0057074869982898235,0.9163097739219666,T,0.04635859280824661,0.02960270456969738,0.00020315857545938343,0.00394784938544035,0.002159694442525506,0.1593538075685501,0.5437140464782715,0.21466022729873657,-73.42951965332031,67.47606658935547,0.02024848386645317
sp|P00552|KKA2_KLEPN,G,181,0.6764265894889832,53.234772592782974,C,0.1002829372882843,0.002250470221042633,0.8974665999412537,T,0.10825077444314957,0.011638452298939228,0.00010067024413729087,0.0007032405701465905,0.0008033058838918805,0.1290985643863678,0.6357543468475342,0.11365070194005966,75.9063491821289,-4.8310394287109375,0.024265184998512268
sp|P00552|KKA2_KLEPN,E,182,0.5106288194656372,89.20685476064682,C,0.1281895935535431,0.014765771105885506,0.8570446372032166,C,0.12593451142311096,0.02160869538784027,0.000163651755428873,0.006037460174411535,0.010653841309249401,0.2380305975675583,0.09327170252799988,0.5042995810508728,-82.28477478027344,126.09329986572266,0.01546022854745388
sp|P00552|KKA2_KLEPN,D,183,0.5891815423965454,84.90106025934219,C,0.08468430489301682,0.10039257258176804,0.814923107624054,C,0.08790633827447891,0.007639479823410511,7.329844811465591e-05,0.009108560159802437,0.089279904961586,0.13935436308383942,0.07758428156375885,0.5890538692474365,-87.35208892822266,101.92214965820312,0.004537974949926138
sp|P00552|KKA2_KLEPN,L,184,0.12253853678703308,22.436806085705758,E,0.0033579538576304913,0.6572880744934082,0.3393539786338806,E,0.0017766701057553291,0.0008533178479410708,9.47291664488148e-06,0.01421692781150341,0.6354993581771851,0.028307434171438217,0.006141926161944866,0.3131948411464691,-105.94821166992188,134.073974609375,0.0010393070988357067
sp|P00552|KKA2_KLEPN,V,185,0.061210185289382935,9.408005478978156,E,0.00014384419773705304,0.9743834137916565,0.02547280676662922,E,5.99172999500297e-05,3.005622056662105e-05,3.0403609230233997e-07,0.004421253222972155,0.9721273183822632,0.0028563865926116705,0.0003063285257667303,0.02019846998155117,-124.64644622802734,136.8260955810547,0.00012487273488659412
sp|P00552|KKA2_KLEPN,V,186,0.023147717118263245,3.5578041210770603,E,0.00013254457735456526,0.9839174747467041,0.015949945896863937,E,6.150903209345415e-05,3.950056270696223e-05,1.2717237041215412e-06,0.005919259041547775,0.9798755645751953,0.0014378121122717857,0.00032555381767451763,0.012339513748884201,-105.39692687988281,129.36654663085938,4.493788947002031e-05
sp|P00552|KKA2_KLEPN,T,187,0.021594971418380737,2.995222535729408,E,0.00036268512485548854,0.9373740553855896,0.06226322427392006,E,0.0002099362900480628,0.0001243457809323445,5.039400548412232e-06,0.012221705168485641,0.9288216233253479,0.00820177886635065,0.0017612552037462592,0.04865432158112526,-121.88721466064453,140.47994995117188,6.768041203031316e-05
sp|P00552|KKA2_KLEPN,H,188,0.04630002751946449,8.42197500579059,C,0.003651590319350362,0.12335626035928726,0.8729921579360962,C,0.002880469895899296,0.001325419289059937,2.1993055270286277e-05,0.008053255267441273,0.13135458528995514,0.24857331812381744,0.08218854665756226,0.525602400302887,-91.10456085205078,39.76620101928711,0.00015091900422703475
sp|P00552|KKA2_KLEPN,G,189,0.11164171248674393,8.786202772706748,C,0.0018659384222701192,0.0025496974121779203,0.9955844283103943,S,0.0014157515252009034,0.00017064125859178603,1.8806149455485865e-05,0.0007849097019061446,0.0013611553004011512,0.7409870028495789,0.0775129497051239,0.17774870991706848,80.57096862792969,-12.540792465209961,0.00021281468798406422
sp|P00552|KKA2_KLEPN,D,190,0.21276411414146423,30.659308847784995,C,0.0005143531016074121,0.003066543024033308,0.9964190721511841,C,0.00109606992918998,6.425577885238454e-05,3.6298092709330376e-06,0.001968291588127613,0.002304326044395566,0.3571350872516632,0.05123167112469673,0.5861966013908386,-112.17928314208984,53.455413818359375,0.0002451291074976325
sp|P00552|KKA2_KLEPN,A,191,0.009249209426343441,1.0192628787830473,C,0.0002958627592306584,0.005349958781152964,0.994354248046875,C,0.00020372727885842323,3.44611398759298e-05,1.3978833521832712e-06,0.013366356492042542,0.0017215993721038103,0.04482533782720566,0.005151153076440096,0.9346958994865417,-83.31739807128906,97.96733093261719,0.00015491335943806916
sp|P00552|KKA2_KLEPN,C,192,0.09290648251771927,13.044070145487785,C,0.000631473958492279,0.018278436735272408,0.9810901284217834,C,0.00047311297385022044,0.00014593858213629574,1.7379517885274254e-05,0.035807885229587555,0.0062599098309874535,0.29535311460494995,0.005051091313362122,0.6568915843963623,-125.28856658935547,155.66915893554688,0.00017770734848454595
sp|P00552|KKA2_KLEPN,L,193,0.10328969359397888,18.91234289705753,H,0.9868018627166748,4.1632225475041196e-05,0.013156561180949211,G,0.9829414486885071,0.009403286501765251,1.8302227545063943e-05,6.884331924084108e-06,6.320539796433877e-06,0.0006365679437294602,0.0064620100893080235,0.0005251640686765313,-55.92308807373047,-38.13471221923828,0.00015332463954109699
sp|P00552|KKA2_KLEPN,P,194,0.35454872250556946,50.31046372354031,H,0.9921324849128723,1.9852412151522003e-05,0.007847612723708153,G,0.9846282005310059,0.00986892357468605,4.666559470933862e-05,1.495798983341956e-06,2.8845563520008e-06,0.0003209468850400299,0.004985210485756397,0.00014562299475073814,-63.13681411743164,-22.774810791015625,0.00036075818934477866
sp|P00552|KKA2_KLEPN,N,195,0.029471946880221367,4.314693023264408,H,0.9843926429748535,0.0006929125520400703,0.014914491213858128,G,0.9792932271957397,0.012058500200510025,2.3535758373327553e-05,2.275312908750493e-05,0.00020959196262992918,0.0014034275664016604,0.006169236730784178,0.0008198175928555429,-104.37044525146484,-9.719754219055176,0.00012443865125533193
sp|P00552|KKA2_KLEPN,I,196,0.012603935785591602,2.3317281203344464,E,0.00012371761840768158,0.9957395792007446,0.004136755596846342,E,6.139149627415463e-05,4.6077115257503465e-05,3.418018422962632e-06,0.009173750877380371,0.986410915851593,0.0011401765514165163,0.0001281293953070417,0.003036124398931861,-112.32640075683594,137.2201385498047,0.00014404323883354664
sp|P00552|KKA2_KLEPN,M,197,0.028119152411818504,5.626642397604883,E,7.568063301732764e-05,0.9986664056777954,0.001257919822819531,E,1.3546461559599265e-05,2.277343264722731e-05,5.566220352193341e-06,0.0006030473159626126,0.9983921647071838,0.00018010844360105693,3.483612454147078e-05,0.0007480014464817941,-114.14834594726562,137.15565490722656,7.703459414187819e-05
sp|P00552|KKA2_KLEPN,V,198,0.10568384826183319,16.24360747784376,E,3.349224425619468e-05,0.9979656934738159,0.002000795677304268,E,8.315422746818513e-06,1.142693781730486e-05,7.847468737054442e-07,0.0004162343975622207,0.9981731176376343,0.00019274117948953062,7.029785047052428e-05,0.0011270522372797132,-116.57740020751953,136.18211364746094,0.00017096877854783088
sp|P00552|KKA2_KLEPN,E,199,0.35780054330825806,62.50775491595268,E,0.0003504427440930158,0.9859263896942139,0.013723078183829784,E,0.00023938596132211387,5.1896407967433333e-05,4.417293894221075e-06,0.0047219423577189445,0.9812658429145813,0.001774812932126224,0.0010861704358831048,0.010855616070330143,-134.76820373535156,133.4483642578125,0.0017549593467265368
sp|P00552|KKA2_KLEPN,N,200,0.8966400027275085,131.26809639930727,C,0.0008030346943996847,0.0006181991775520146,0.9985787868499756,T,0.0006591251585632563,2.5179686417686753e-05,4.1824722529781866e-07,1.8693903257371858e-05,9.703964315121993e-05,0.014873077161610126,0.9822520017623901,0.002074427902698517,52.161415100097656,45.69284439086914,0.001104961265809834
sp|P00552|KKA2_KLEPN,G,201,0.5531265735626221,43.53106133937836,C,0.00601836945861578,0.0002562082663644105,0.9937254786491394,T,0.001075497712008655,0.00013047280663158745,1.423453454663104e-06,1.2780111319443677e-05,1.8401518900645897e-05,0.017468251287937164,0.9795867800712585,0.001706416136585176,79.18074798583984,3.545581340789795,0.0011701787589117885
sp|P00552|KKA2_KLEPN,R,202,0.5784313678741455,132.46078324317932,E,0.00020449122530408204,0.9800357222557068,0.019759871065616608,E,0.0001152698605437763,2.8052976631443016e-05,2.703816903704137e-07,0.010702149011194706,0.9745821952819824,0.004112838301807642,0.0013317859265953302,0.009127441793680191,-114.35802459716797,143.8759765625,0.001259488402865827
sp|P00552|KKA2_KLEPN,F,203,0.10718124359846115,21.511275590211152,E,1.5082911886565853e-05,0.9958018660545349,0.004183068871498108,E,5.179510935704457e-06,2.0093730199732818e-06,5.0204147505894525e-09,0.000644122832454741,0.9966366291046143,7.284778985194862e-05,4.703348167822696e-05,0.0025920735206454992,-73.85420989990234,118.851318359375,8.857895591063425e-05
sp|P00552|KKA2_KLEPN,S,204,0.23261699080467224,27.262711322307588,E,3.5963006666861475e-05,0.9556593894958496,0.04430462792515755,E,1.0461460988153704e-05,2.808860017466941e-06,1.4224315236788243e-07,0.0001130508171627298,0.9686604142189026,0.010646112263202667,0.00024211946583818644,0.02032487839460373,-101.63262176513672,-32.190399169921875,0.00011946567974518985
sp|P00552|KKA2_KLEPN,G,205,0.04297488555312157,3.3821234930306674,E,5.384450196288526e-05,0.9811187982559204,0.0188274122774601,E,1.633041574677918e-05,4.203788648737827e-06,1.5799251684711635e-07,0.0005575077375397086,0.9824590682983398,0.005036286078393459,8.797302871244028e-05,0.011838609352707863,-174.99581909179688,168.83316040039062,0.00020431220764294267
sp|P00552|KKA2_KLEPN,F,206,0.04997706413269043,10.030396771430969,E,9.90023254416883e-05,0.9682744741439819,0.031626515090465546,E,5.369662176235579e-05,1.622106174181681e-05,2.0030947212035244e-07,0.0036273510195314884,0.9694361686706543,0.0030746522825211287,0.0004818016604986042,0.02330985851585865,-125.56175994873047,140.87319946289062,0.00013527882401831448
sp|P00552|KKA2_KLEPN,I,207,0.03497631475329399,6.470618229359388,C,0.00040833043749444187,0.08701100945472717,0.9125807285308838,C,0.00026209341012872756,0.00015760022506583482,3.91115463571623e-06,0.009108458645641804,0.0917326807975769,0.15071390569210052,0.020564626902341843,0.7274567484855652,-104.19120025634766,128.96240234375,0.0001724108587950468
sp|P00552|KKA2_KLEPN,D,208,0.22895433008670807,32.99231896549463,C,0.00028641714015975595,0.015855593606829643,0.9838579297065735,C,0.00025951056159101427,7.368157093878835e-05,1.5239448885040474e-06,0.0009474142570979893,0.020801180973649025,0.06385394930839539,0.02139928936958313,0.8926634192466736,91.42472076416016,72.05061340332031,0.0005253194249235094
sp|P00552|KKA2_KLEPN,C,209,0.03370945528149605,4.732807521522045,C,0.058531951159238815,0.009485164657235146,0.9319828748703003,C,0.0881146714091301,0.012000424787402153,0.00043607616680674255,0.002288540592417121,0.011221346445381641,0.08954064548015594,0.2831733822822571,0.5132248997688293,-74.14202117919922,-11.1235990524292,0.0007914805901236832
sp|P00552|KKA2_KLEPN,G,210,0.27353283762931824,21.527034321427347,C,0.056944917887449265,0.008477526716887951,0.9345775246620178,T,0.08102576434612274,0.006171605084091425,0.00011990045459242538,0.0023964247666299343,0.002814234234392643,0.06180443614721298,0.8154323697090149,0.030235346406698227,-62.54558563232422,-22.214584350585938,0.00037787994369864464
sp|P00552|KKA2_KLEPN,R,211,0.3406316637992859,78.00465101003647,C,0.02553463727235794,0.012284376658499241,0.9621809124946594,T,0.02406182698905468,0.0017985866870731115,4.2251172999385744e-05,0.0008434075862169266,0.002455467591062188,0.0631125271320343,0.8911181092262268,0.016567785292863846,-104.97307586669922,1.4242286682128906,0.0007295561954379082
sp|P00552|KKA2_KLEPN,L,212,0.024334320798516273,4.45561413820833,C,0.0077028339728713036,0.3788716495037079,0.6134254932403564,C,0.004393006209284067,0.0012088719522580504,6.740468961652368e-05,0.02562549151480198,0.30995383858680725,0.03843219205737114,0.039218902587890625,0.5811002850532532,-94.05940246582031,141.2073211669922,0.00022749495110474527
sp|P00552|KKA2_KLEPN,G,213,0.03163924068212509,2.490008241683245,E,7.193089913926087e-06,0.9991747736930847,0.0008180973236449063,E,3.631617346400162e-06,6.66850098696159e-07,4.174949808088968e-08,0.0017520657274872065,0.9972845315933228,8.098976832116023e-05,9.611038876755629e-06,0.0008683835621923208,-152.14341735839844,160.79803466796875,0.0001066847107722424
sp|P00552|KKA2_KLEPN,V,214,0.06577223539352417,10.109192579984665,E,1.194373112411995e-06,0.9996308088302612,0.00036796738277189434,E,5.316295528245973e-07,1.597171745970627e-07,3.0343381141051395e-09,0.0003469941730145365,0.9993032217025757,2.8632997782551683e-05,4.833579168916913e-06,0.0003156074963044375,-119.76515197753906,139.58441162109375,1.1650281521724537e-05
sp|P00552|KKA2_KLEPN,A,215,0.03126806393265724,3.445740645378828,E,1.9149430954712443e-05,0.9751853942871094,0.024795442819595337,E,8.488098501402419e-06,3.7301665543054696e-06,1.0159843810697566e-07,0.0030951888766139746,0.9706689119338989,0.002830471843481064,0.00010952851880574599,0.02328372560441494,-138.3593292236328,163.9054412841797,3.7658741348423064e-05
sp|P00552|KKA2_KLEPN,D,216,0.15797241032123566,22.763824327290056,C,0.0010175271891057491,0.4729282557964325,0.5260541439056396,C,0.0001273204543394968,0.00032768980599939823,2.072710003631073e-06,0.008675698190927505,0.440572053194046,0.029494579881429672,0.001503593404777348,0.5192971229553223,-88.13091278076172,140.1350555419922,1.9480392438708805e-05
sp|P00552|KKA2_KLEPN,R,217,0.11908169090747833,27.269707217812538,H,0.9183192849159241,0.004940459970384836,0.07674026489257812,H,0.02892283909022808,0.8693380355834961,0.0009985013166442513,0.0006233606254681945,0.0033192660193890333,0.014098393730819225,0.06509100645780563,0.01760859601199627,-61.58462142944336,-34.467308044433594,8.513248030794784e-05
sp|P00552|KKA2_KLEPN,Y,218,0.08860592544078827,18.93508626669645,H,0.9872748851776123,0.0006715920753777027,0.012053604237735271,H,0.01124211773276329,0.9705870151519775,0.00116729736328125,0.0002305573580088094,0.00031758134718984365,0.0014866424025967717,0.012990768067538738,0.0019779757130891085,-64.91386413574219,-39.18515396118164,2.5195897251251154e-05
sp|P00552|KKA2_KLEPN,Q,219,0.1216951310634613,21.73475040793419,H,0.9976537823677063,0.0002140510332537815,0.0021321235690265894,H,0.005872564390301704,0.990294337272644,0.0006997578893788159,3.3195701689692214e-05,0.00013930097338743508,0.0002983305312227458,0.0020334201399236917,0.0006291136960498989,-66.77803039550781,-38.341670989990234,1.5327685105148703e-05
sp|P00552|KKA2_KLEPN,D,220,0.021361999213695526,3.078264086693525,H,0.9993873834609985,7.699354318901896e-05,0.0005355823086574674,H,0.0036949075292795897,0.9944709539413452,0.0009718236397020519,1.8608339814818464e-05,4.540435838862322e-05,0.00010111038864124566,0.00046418391866609454,0.00023293844424188137,-65.86735534667969,-40.83588409423828,3.3306081604678184e-05
sp|P00552|KKA2_KLEPN,I,221,0.0074060531333088875,1.3701198296621442,H,0.997965931892395,0.00011014936899300665,0.001923968899063766,H,0.0017469567246735096,0.9941309094429016,0.0017623247113078833,2.0931405742885545e-05,4.3108902900712565e-05,0.00017862350796349347,0.0017671809764578938,0.00035000781645067036,-65.56791687011719,-41.67041015625,7.682243449380621e-05
sp|P00552|KKA2_KLEPN,A,222,0.01081655640155077,1.1919845154508948,H,0.9989198446273804,4.901421561953612e-05,0.0010310766519978642,H,0.001220849109813571,0.996404767036438,0.0013040719786658883,3.78951972379582e-06,1.95840657397639e-05,6.484785990323871e-05,0.0008152408991008997,0.00016684966976754367,-63.07267761230469,-41.665016174316406,8.169348438968882e-05
sp|P00552|KKA2_KLEPN,L,223,0.12313222140073776,22.545509738475083,H,0.9960149526596069,0.0004346173955127597,0.0035504656843841076,H,0.0021756936330348253,0.9904561638832092,0.0027397647500038147,4.0620023355586454e-05,0.0002259113098261878,0.000339490914484486,0.0033024493604898453,0.0007200377294793725,-64.54257202148438,-42.68573760986328,0.00027678892365656793
sp|P00552|KKA2_KLEPN,A,224,0.009804163128137589,1.0804187767207623,H,0.9928136467933655,0.00023222847084980458,0.006954175420105457,H,0.0023868188727647066,0.9860382676124573,0.003954372834414244,2.3597687686560676e-05,0.0001169177339761518,0.0005282541969791055,0.005850979592651129,0.0011008346918970346,-65.0306167602539,-42.03268051147461,9.447675256524235e-05
sp|P00552|KKA2_KLEPN,T,225,0.031104115769267082,4.314140857197344,H,0.9755817651748657,0.00042471158667467535,0.023993482813239098,H,0.004535121843218803,0.9648013114929199,0.010116972029209137,7.427345553878695e-05,0.0001760331797413528,0.0019286255119368434,0.014190839603543282,0.004176711197942495,-65.78849029541016,-40.626197814941406,0.0006235692999325693
sp|P00552|KKA2_KLEPN,R,226,0.23098132014274597,52.89472231268883,H,0.9711042046546936,0.00042468542233109474,0.02847106195986271,H,0.008673682808876038,0.9448164701461792,0.016269834712147713,0.00011121748684672639,0.00018671664292924106,0.0026871750596910715,0.023145830258727074,0.004109079018235207,-63.9505500793457,-41.20872497558594,0.0007961903465911746
sp|P00552|KKA2_KLEPN,D,227,0.1933259516954422,27.85826963931322,H,0.9496093988418579,0.0005293303984217346,0.04986125975847244,H,0.009212914854288101,0.9169394969940186,0.025284621864557266,0.00016255548689514399,0.00024403075804002583,0.003608782310038805,0.03588990122079849,0.008657711558043957,-70.52491760253906,-35.54286193847656,0.0006863489979878068
sp|P00552|KKA2_KLEPN,I,228,0.032071102410554886,5.933153945952654,H,0.946601152420044,0.0007186278235167265,0.052680231630802155,H,0.015014111064374447,0.8840140104293823,0.04785110056400299,0.00028061019838787615,0.0003430100914556533,0.007500804960727692,0.03043399564921856,0.014562338590621948,-68.35922241210938,-40.64887619018555,0.0009281380334869027
sp|P00552|KKA2_KLEPN,A,229,0.11594482511281967,12.777119727432728,H,0.9436671137809753,0.0007560738013125956,0.05557677149772644,H,0.027348022907972336,0.8707589507102966,0.037349507212638855,0.00040414920658804476,0.0003765980072785169,0.0073795197531580925,0.04136769473552704,0.015015492215752602,-64.26918029785156,-40.48896026611328,0.001341026509180665
sp|P00552|KKA2_KLEPN,E,230,0.6250980496406555,109.2046292722225,H,0.934736430644989,0.0005326716345734894,0.06473094969987869,H,0.047038838267326355,0.843341052532196,0.026430483907461166,0.0001762158062774688,0.0002964383165817708,0.010163364000618458,0.06120616942644119,0.011347359977662563,-69.01863861083984,-37.74391174316406,0.0014477279037237167
sp|P00552|KKA2_KLEPN,E,231,0.5879927277565002,102.72232953906058,H,0.9203551411628723,0.0003552898415364325,0.07928958535194397,H,0.036304377019405365,0.8412367701530457,0.026080386713147163,0.00012676457117777318,0.00015454392996616662,0.007013147696852684,0.0781366378068924,0.010947458446025848,-79.16844940185547,-31.123939514160156,0.0014598701382055879
sp|P00552|KKA2_KLEPN,L,232,0.19303619861602783,35.344927966594696,H,0.7466222047805786,0.0012710249284282327,0.25210684537887573,H,0.03807276114821434,0.723513126373291,0.015379051677882671,0.0005858927615918219,0.0004067369154654443,0.039040543138980865,0.13340197503566742,0.04959983751177788,-97.45624542236328,-14.167926788330078,0.003698427230119705
sp|P00552|KKA2_KLEPN,G,233,0.4434607923030853,34.900364354252815,C,0.16834621131420135,0.001020040363073349,0.8306337594985962,C,0.024110097438097,0.10444743931293488,0.0044336277060210705,0.0006481034797616303,0.00041681647417135537,0.04620407521724701,0.17153222858905792,0.6482076644897461,85.28824615478516,158.86056518554688,0.005553710740059614
sp|P00552|KKA2_KLEPN,G,234,0.4045095145702362,31.834898796677592,H,0.5850265622138977,0.0008326778188347816,0.4141407608985901,H,0.08407816290855408,0.4821242392063141,0.0028154822066426277,0.0006175036542117596,0.0004373404080979526,0.15460392832756042,0.13797153532505035,0.13735178112983704,-38.669002532958984,-75.22628784179688,0.006699365563690662
sp|P00552|KKA2_KLEPN,E,235,0.7089853286743164,123.85973691940306,H,0.8786394596099854,0.000892761570867151,0.12046785652637482,H,0.06928505748510361,0.7985005378723145,0.0004548761644400656,0.00038688466884195805,0.0004960903897881508,0.01681388169527054,0.074391670525074,0.03967108950018883,-65.40908813476562,-34.51075744628906,0.003389592980965972
sp|P00552|KKA2_KLEPN,W,236,0.11193691939115524,26.920829113572836,H,0.9529440402984619,0.0005053887143731117,0.04655051976442337,H,0.054472293704748154,0.8934282064437866,0.0007643983699381351,0.0004441932251211256,0.00021003824076615274,0.00609637051820755,0.021955667063593864,0.0226289015263319,-67.32374572753906,-39.37077331542969,0.0024671333376318216
sp|P00552|KKA2_KLEPN,A,237,0.043759409338235855,4.822286909073592,H,0.9892796874046326,7.22188560757786e-05,0.010648195631802082,H,0.003888271749019623,0.9864078760147095,0.001236033160239458,1.7591453797649592e-05,2.8544789529405534e-05,0.000736233894713223,0.002768270205706358,0.004917094949632883,-61.86920166015625,-42.51131820678711,0.0008137972909025848
sp|P00552|KKA2_KLEPN,D,238,0.5375623106956482,77.4627289712429,H,0.9940616488456726,5.7187626225641e-05,0.005881074350327253,H,0.0022617182694375515,0.991238534450531,0.0012219930067658424,9.551643415761646e-06,3.2740485039539635e-05,0.0003159054322168231,0.0026929331943392754,0.002226667245849967,-64.55281829833984,-40.5050048828125,0.001951680053025484
sp|P00552|KKA2_KLEPN,R,239,0.39771929383277893,91.07771828770638,H,0.9941895008087158,0.00012958070146851242,0.0056810020469129086,H,0.002136802300810814,0.9915018081665039,0.001420468557626009,5.157508348929696e-05,5.169168798602186e-05,0.00032517933868803084,0.0026114070788025856,0.00190112239215523,-65.41817474365234,-42.93740463256836,0.0009020383004099131
sp|P00552|KKA2_KLEPN,F,240,0.00899860542267561,1.8060201083309948,H,0.9963034391403198,6.14254386164248e-05,0.0036352004390209913,H,0.0014177319826558232,0.9935851693153381,0.0019081708742305636,1.7153412045445293e-05,2.5276503947679885e-05,0.0002810625301208347,0.0012662285007536411,0.0014991931384429336,-64.65911865234375,-45.36659240722656,0.000305208086501807
sp|P00552|KKA2_KLEPN,L,241,0.06913857907056808,12.659273827821016,H,0.9966573715209961,7.319233554881066e-05,0.003269433043897152,H,0.0021782219409942627,0.9929486513137817,0.002251898404210806,1.6463256542920135e-05,3.1254763598553836e-05,0.00020052373292855918,0.0012683798559010029,0.0011045495048165321,-63.60750961303711,-41.079647064208984,0.0003745175199583173
sp|P00552|KKA2_KLEPN,V,242,0.6433620452880859,98.8847463607788,H,0.9864732027053833,0.000130556509247981,0.013396292924880981,H,0.008033805526793003,0.9745370149612427,0.004436344373971224,5.806763147120364e-05,7.392626866931096e-05,0.0007584306877106428,0.009058664552867413,0.0030437789391726255,-65.25199127197266,-42.47171401977539,0.0012918647844344378
sp|P00552|KKA2_KLEPN,L,243,0.28382647037506104,51.96862672567367,H,0.9430360198020935,0.00012676895130425692,0.05683715641498566,H,0.010542582720518112,0.9336047768592834,0.0046708290465176105,4.497711415751837e-05,3.557337913662195e-05,0.0023868402931839228,0.04376693814992905,0.004947430919855833,-65.10227966308594,-34.56067657470703,0.001120643108151853
sp|P00552|KKA2_KLEPN,Y,244,0.1358344405889511,29.027819953858852,C,0.45529037714004517,0.0004971054731868207,0.5442125201225281,T,0.0133267967030406,0.38001176714897156,0.0019452690612524748,0.00019216827058698982,6.674447649857029e-05,0.019958792254328728,0.5700368285179138,0.014461768791079521,-93.95509338378906,-0.9629404544830322,0.0015008841874077916
sp|P00552|KKA2_KLEPN,G,245,0.7479115128517151,58.86063606142998,C,0.002739501651376486,0.00033391406759619713,0.9969266057014465,T,0.0011136294342577457,0.0009120980394072831,8.376557525480166e-05,0.00017115543596446514,8.636237180326134e-05,0.030198605731129646,0.8752101063728333,0.09222423285245895,75.670166015625,27.595600128173828,0.0012721767416223884
sp|P00552|KKA2_KLEPN,I,246,0.15079808235168457,27.897645235061646,C,0.001978748245164752,0.003855436807498336,0.9941657781600952,C,0.0006058313301764429,0.00037464051274582744,1.348580281046452e-05,0.005080474074929953,0.001746552181430161,0.08087722212076187,0.006758975330740213,0.9045427441596985,-103.3113021850586,133.77503967285156,0.0009674190660007298
sp|P00552|KKA2_KLEPN,A,247,0.6874824166297913,75.760562312603,C,0.001218531047925353,0.002263421658426523,0.9965180158615112,C,0.0007649429608136415,0.000346059852745384,4.8561423682258464e-06,0.002097394550219178,0.0014057785738259554,0.2917047142982483,0.01828419417142868,0.6853920817375183,-91.9697036743164,148.87701416015625,0.0019402917241677642
sp|P00552|KKA2_KLEPN,A,248,0.6029196977615356,66.44175069332123,C,0.0019056473392993212,0.0007885280065238476,0.9973058700561523,C,0.0013000010512769222,0.0007315808907151222,1.5744404890938313e-06,0.0010026921518146992,0.00038660786231048405,0.21621346473693848,0.019311213865876198,0.7610529065132141,-83.26097106933594,135.30784606933594,0.0016243993304669857
sp|P00552|KKA2_KLEPN,P,249,0.15890619158744812,22.54878858625889,C,0.010388554073870182,0.0022850623354315758,0.9873263239860535,C,0.0015917005948722363,0.00409475713968277,5.433234946394805e-06,0.001910616410896182,0.0008152180816978216,0.028887813910841942,0.009082376025617123,0.9536120891571045,-67.83646392822266,145.1491241455078,0.0018151073018088937
sp|P00552|KKA2_KLEPN,D,250,0.5604689717292786,80.76357882618903,C,0.015284464694559574,0.0012767298612743616,0.9834387898445129,C,0.0011353242443874478,0.007280731573700905,1.248114222107688e-05,0.0007462400244548917,0.0004659752012230456,0.03298327699303627,0.003791118273511529,0.9535849094390869,-82.12127685546875,143.2648468017578,0.0039872946217656136
sp|P00552|KKA2_KLEPN,S,251,0.6097269654273987,71.46000034809113,H,0.9442049860954285,0.00019279550178907812,0.055602166801691055,H,0.024769458919763565,0.9220989346504211,0.000269504904281348,8.288484968943521e-05,9.94832516880706e-05,0.006809759885072708,0.03187254071235657,0.013997468166053295,-60.37498474121094,-35.68370056152344,0.001650025718845427
sp|P00552|KKA2_KLEPN,Q,252,0.5565611720085144,99.40182532072068,H,0.9733608961105347,0.00021968917280901223,0.026419509202241898,H,0.025575652718544006,0.9477072358131409,0.000415039190556854,0.00012061304732924327,9.257764759240672e-05,0.0025914160069078207,0.017223242670297623,0.006274086888879538,-64.9407730102539,-37.419795989990234,0.0012760794488713145
sp|P00552|KKA2_KLEPN,R,253,0.17769502103328705,40.692159816622734,H,0.9832324385643005,0.00043639595969580114,0.016331128776073456,H,0.025493083521723747,0.9556179046630859,0.0003667228447739035,0.0002168297942262143,0.0002387692657066509,0.0018378631211817265,0.009756350889801979,0.006472425535321236,-65.14280700683594,-39.629722595214844,0.0013664814177900553
sp|P00552|KKA2_KLEPN,I,254,0.07384643703699112,13.661590851843357,H,0.9834184050559998,0.0008365268004126847,0.015745006501674652,H,0.008639443665742874,0.9756475687026978,0.0005330292042344809,0.00022351968800649047,0.00040706797153688967,0.0015177350724115968,0.006470486521720886,0.006561203859746456,-66.1940689086914,-38.6765022277832,0.0003986162773799151
sp|P00552|KKA2_KLEPN,A,255,0.2805560827255249,30.917280316352844,H,0.9885545372962952,0.0002773333981167525,0.011168129742145538,H,0.007329147774726152,0.980498731136322,0.0005311567219905555,8.443129627266899e-05,0.0001219154437421821,0.001076519605703652,0.006935461889952421,0.0034227187279611826,-62.84811019897461,-39.10735321044922,0.00043226865818724036
sp|P00552|KKA2_KLEPN,F,256,0.08241405338048935,16.540500513464213,H,0.9852293133735657,0.0005534625961445272,0.01421722024679184,H,0.0122302807867527,0.9718791842460632,0.00045308543485589325,0.00014185640611685812,0.00037386271287687123,0.0011088949395343661,0.00740457559004426,0.006408263463526964,-64.62559509277344,-41.82137680053711,0.000804768584202975
sp|P00552|KKA2_KLEPN,Y,257,0.06721743196249008,14.364365210384129,H,0.9921924471855164,0.00046269569429568946,0.007344854064285755,H,0.008487931452691555,0.9827932119369507,0.0005515943630598485,8.289708057418466e-05,0.0002937633835244924,0.0006072603864595294,0.003629329614341259,0.0035540105309337378,-64.20130920410156,-40.604888916015625,0.0008342416258528829
sp|P00552|KKA2_KLEPN,R,258,0.4167192280292511,95.4287032186985,H,0.9815743565559387,0.0007626845617778599,0.01766294613480568,H,0.009006336331367493,0.9713943600654602,0.0012779865646734834,0.00020403487724252045,0.00042816047789528966,0.0011243021581321955,0.011013172566890717,0.005551693961024284,-64.65389251708984,-39.84741973876953,0.0026400969363749027
sp|P00552|KKA2_KLEPN,L,259,0.12991110980510712,23.786724205315114,H,0.953021764755249,0.0007618957897648215,0.04621633142232895,H,0.01721065863966942,0.9372102618217468,0.001593726105056703,0.00020153186051174998,0.00045316439354792237,0.0025511253625154495,0.025158464908599854,0.01562102697789669,-65.7806625366211,-39.825660705566406,0.0040268381126224995
sp|P00552|KKA2_KLEPN,L,260,0.025977475568652153,4.756475776620209,H,0.932171106338501,0.0003866590850520879,0.06744220107793808,H,0.055526454001665115,0.8627166152000427,0.0022819004952907562,0.00019271951168775558,0.00024034405942074955,0.004547747317701578,0.048463374376297,0.026030797511339188,-66.34857177734375,-34.871665954589844,0.002237939275801182
sp|P00552|KKA2_KLEPN,D,261,0.3492412269115448,50.3256607979536,H,0.8707138895988464,0.0011755040613934398,0.1281106323003769,H,0.20644789934158325,0.636168897151947,0.0018108260119333863,0.00036911919596605003,0.000721158052328974,0.006863698363304138,0.11701658368110657,0.03060179390013218,-65.01942443847656,-31.914127349853516,0.008014905266463757
sp|P00552|KKA2_KLEPN,E,262,0.5366875529289246,93.75931549668312,H,0.7466121912002563,0.0013922496000304818,0.2519955635070801,H,0.1712590754032135,0.5432034134864807,0.0019432789413258433,0.0004931508447043598,0.000730849162209779,0.00904132705181837,0.22505789995193481,0.048271000385284424,-69.80239868164062,-26.102558135986328,0.009340553544461727
sp|P00552|KKA2_KLEPN,F,263,0.1268048882484436,25.44974107146263,H,0.49905550479888916,0.0025458806194365025,0.49839863181114197,H,0.11500508338212967,0.39648008346557617,0.0034655507188290358,0.001158399973064661,0.0012731243623420596,0.03405813127756119,0.3137427866458893,0.13481682538986206,-85.54322052001953,-14.046273231506348,0.013829738833010197
sp|P00552|KKA2_KLEPN,F,264,0.2832564413547516,56.84956777989864,C,0.0057075535878539085,0.00024253710580524057,0.9940499067306519,C,0.0015228998381644487,0.0043895188719034195,4.041901775053702e-05,0.0005595333641394973,0.0001742685417411849,0.0064455727115273476,0.018602950498461723,0.9682648181915283,-102.00688171386719,32.387451171875,0.038558416068553925
