segment,mutant,pos,wt,subs,frequency,column_conservation,prediction_epistatic,prediction_independent
,L7A,7,L,A,0.012969613075256348,0.7887000185665959,-6.105606775498018,-4.215164414019689
,L7C,7,L,C,0.002022002823650837,0.7887000185665959,-6.585343033773825,-6.073278469611942
,L7D,7,L,D,0.001168648013845086,0.7887000185665959,-6.796106334542856,-6.620776513500209
,L7E,7,L,E,0.001989798154681921,0.7887000185665959,-7.927098257699981,-6.089319904620984
,L7F,7,L,F,0.003754426259547472,0.7887000185665959,-4.176836089696735,-5.454752043615809
,L7G,7,L,G,0.001095683197490871,0.7887000185665959,-8.447443924073013,-6.685111650707395
,L7H,7,L,H,0.0009855902753770351,0.7887000185665959,-7.233814727747813,-6.790752180072586
,L7I,7,L,I,0.01181070413440466,0.7887000185665959,-5.864943705266342,-4.308769873629297
,L7K,7,L,K,0.0005771635333076119,0.7887000185665959,-8.556138092768379,-7.3238195343279875
,L7M,7,L,M,0.016586218029260635,0.7887000185665959,-3.9481988043989986,-3.9691926421576476
,L7N,7,L,N,0.0006594859296455979,0.7887000185665959,-8.085427924757823,-7.19114456217862
,L7P,7,L,P,0.014479934237897396,0.7887000185665959,-4.48804989742348,-4.10500609675357
,L7Q,7,L,Q,0.0025123630184680223,0.7887000185665959,-6.9586512602400035,-5.856297902883407
,L7R,7,L,R,0.0006543501513078809,0.7887000185665959,-7.452295496826991,-7.198927000222142
,L7S,7,L,S,0.002693821908906102,0.7887000185665959,-7.669910077005625,-5.786598839176038
,L7T,7,L,T,0.005212963558733463,0.7887000185665959,-7.057376397016924,-5.126601662783726
,L7V,7,L,V,0.04177094250917435,0.7887000185665959,-6.864996641408652,-3.0455232931000804
,L7W,7,L,W,0.00019413902191445231,0.7887000185665959,-8.746452800696716,-8.40035507164862
,L7Y,7,L,Y,0.0008476452785544097,0.7887000185665959,-7.703845040639862,-6.941099024351311
,P8A,8,P,A,0.026776326820254326,0.7758102652096283,-5.606734878849238,-3.491156031326025
,P8C,8,P,C,0.0009187102550640702,0.7758102652096283,-7.57939796638675,-6.861346771177754
,P8D,8,P,D,0.005994150880724192,0.7758102652096283,-6.154579646419734,-4.987859297170897
,P8E,8,P,E,0.011817829683423042,0.7758102652096283,-5.088749232236296,-4.309078493095431
,P8F,8,P,F,0.0005599383730441332,0.7758102652096283,-8.138036973774433,-7.354190706990073
,P8G,8,P,G,0.005067469086498022,0.7758102652096283,-5.601576292072423,-5.155771965641426
,P8H,8,P,H,0.003138091182336211,0.7758102652096283,-6.360659285448492,-5.6348328312013765
,P8I,8,P,I,0.0011700168251991272,0.7758102652096283,-7.153982161660679,-6.6202152836959325
,P8K,8,P,K,0.008884034119546413,0.7758102652096283,-6.249162834603339,-4.594424237455081
,P8L,8,P,L,0.014581871218979359,0.7758102652096283,-6.313438118901104,-4.098908775404879
,P8M,8,P,M,0.0015321780228987336,0.7758102652096283,-7.3148813401930965,-6.351065659471584
,P8N,8,P,N,0.002543360460549593,0.7758102652096283,-7.305389166576788,-5.844831676716477
,P8Q,8,P,Q,0.009613776579499245,0.7758102652096283,-7.325442871078849,-4.515486212483955
,P8R,8,P,R,0.005609523039311171,0.7758102652096283,-6.229594934266061,-5.0541671673608946
,P8S,8,P,S,0.01336126122623682,0.7758102652096283,-4.576336666708812,-4.18632874141208
,P8T,8,P,T,0.005781825631856918,0.7758102652096283,-6.398759628413245,-5.023918382213805
,P8V,8,P,V,0.0023283748887479305,0.7758102652096283,-6.550714599434286,-5.933078122520094
,P8W,8,P,W,0.0008473600028082728,0.7758102652096283,-7.347958829719573,-6.9419126152621455
,P8Y,8,P,Y,0.0006293469341471791,0.7758102652096283,-8.372477727942169,-7.238021823500771
,A9C,9,A,C,0.0045096976682543755,0.219223920323541,-3.6275100326165557,-3.2337654527724293
,A9D,9,A,D,0.10192642360925674,0.219223920323541,-0.9200450200587511,-0.11618119680898209
,A9E,9,A,E,0.15428440272808075,0.219223920323541,-0.4159194154199213,0.2983676751956965
,A9F,9,A,F,0.011129152961075306,0.219223920323541,-1.80370063893497,-2.3307698667832835
,A9G,9,A,G,0.015218532644212246,0.219223920323541,-3.2236012995708734,-2.017868387285286
,A9H,9,A,H,0.020499754697084427,0.219223920323541,-2.3843665290623903,-1.7199946575698775
,A9I,9,A,I,0.0050192479975521564,0.219223920323541,-2.9402142511680722,-3.1267823503730767
,A9K,9,A,K,0.033917386084795,0.219223920323541,-2.9004714137408882,-1.2165001346376705
,A9L,9,A,L,0.022098734974861145,0.219223920323541,-1.3783101998269558,-1.644891700467626
,A9M,9,A,M,0.0034568742848932743,0.219223920323541,-3.6135272739920765,-3.499415459787559
,A9N,9,A,N,0.01697360910475254,0.219223920323541,-2.921495162154315,-1.9087334069863386
,A9P,9,A,P,0.2853460907936096,0.219223920323541,0.1713274633511901,0.9132766469104476
,A9Q,9,A,Q,0.02692679688334465,0.219223920323541,-2.3846930684521794,-1.4472991973666833
,A9R,9,A,R,0.025629010051488876,0.219223920323541,-2.555105766747147,-1.4966943007503306
,A9S,9,A,S,0.08741585910320282,0.219223920323541,-1.1728337961249053,-0.2697563714998914
,A9T,9,A,T,0.02498004212975502,0.219223920323541,-2.279330162331462,-1.5223409344054706
,A9V,9,A,V,0.018535595387220383,0.219223920323541,-1.7837550821714103,-1.82070752596087
,A9W,9,A,W,0.003339536255225539,0.219223920323541,-4.284883851185441,-3.5339142444594915
,A9Y,9,A,Y,0.024309637024998665,0.219223920323541,-1.1894030394032598,-1.5495440477907616
,G10A,10,G,A,0.014515477232635021,0.4527711608030244,-4.039601117372513,-3.674357464245814
,G10C,10,G,C,0.0020108588505536318,0.4527711608030244,-6.716775960754603,-5.650015292263088
,G10D,10,G,D,0.0803355798125267,0.4527711608030244,-4.843084411229938,-1.963368765393165
,G10E,10,G,E,0.07515345513820648,0.4527711608030244,-5.265333637595177,-2.0300501724059923
,G10F,10,G,F,0.0036990398075431585,0.4527711608030244,-5.782896512886509,-5.041136322086604
,G10H,10,G,H,0.024095213040709496,0.4527711608030244,-4.733621980296448,-3.1675759897403464
,G10I,10,G,I,0.0030807333532720804,0.4527711608030244,-9.310199769330211,-5.223905552328908
,G10K,10,G,K,0.008693546988070011,0.4527711608030244,-6.6325496369972825,-4.186937798613549
,G10L,10,G,L,0.004995233379304409,0.4527711608030244,-7.696552785113454,-4.740882973500904
,G10M,10,G,M,0.0014950401382520795,0.4527711608030244,-7.39970693027135,-5.945863089267688
,G10N,10,G,N,0.05861718952655792,0.4527711608030244,-3.0872549898922443,-2.278557520243984
,G10P,10,G,P,0.09651244431734085,0.4527711608030244,-3.5545409360638587,-1.7799069388253157
,G10Q,10,G,Q,0.015617200173437595,0.4527711608030244,-5.263484784401953,-3.601204061693499
,G10R,10,G,R,0.007913858629763126,0.4527711608030244,-5.875747609883547,-4.280886454065475
,G10S,10,G,S,0.015114597044885159,0.4527711608030244,-5.691283220425248,-3.633914239542093
,G10T,10,G,T,0.0055566467344760895,0.4527711608030244,-6.37483468092978,-4.634412920526158
,G10V,10,G,V,0.006430210545659065,0.4527711608030244,-7.446334769017994,-4.488446050945401
,G10W,10,G,W,0.0005461714463308454,0.4527711608030244,-7.647945502932998,-6.948099976421194
,G10Y,10,G,Y,0.003375777741894126,0.4527711608030244,-6.3173139384016395,-5.132520206738589
,W11A,11,W,A,8.93069664016366e-05,0.961901703175557,-8.364076048896095,-9.2908497035958
,W11C,11,W,C,0.001134092453867197,0.961901703175557,-5.985138792893849,-6.767056866841809
,W11D,11,W,D,5.941843119217083e-05,0.961901703175557,-8.548161159618758,-9.682846360720161
,W11E,11,W,E,0.00011894002091139555,0.961901703175557,-8.111264895298518,-9.011036868941884
,W11F,11,W,F,0.0033226690720766783,0.961901703175557,-6.3870242786360905,-5.691686483409207
,W11G,11,W,G,0.00027033776859752834,0.961901703175557,-7.445070294430479,-8.198846669046377
,W11H,11,W,H,6.046347334631719e-05,0.961901703175557,-8.922386746271513,-9.666256330848364
,W11I,11,W,I,0.0017877400387078524,0.961901703175557,-5.890850406256504,-6.311781246190394
,W11K,11,W,K,1.0115720670000883e-06,0.961901703175557,-9.82668791746255,-12.067694890377101
,W11L,11,W,L,0.0005460615502670407,0.961901703175557,-6.704484666814096,-7.49770414027531
,W11M,11,W,M,0.00048430482274852693,0.961901703175557,-6.430776164284907,-7.617568891242636
,W11N,11,W,N,3.8334471241796564e-07,0.961901703175557,-9.836884480435401,-12.164013369019969
,W11P,11,W,P,7.262253348017111e-05,0.961901703175557,-9.1027961546788,-9.49084208426357
,W11Q,11,W,Q,5.992628211970441e-05,0.961901703175557,-8.78039065853227,-9.67475010617296
,W11R,11,W,R,0.00024083063181024045,0.961901703175557,-7.804330875282176,-8.31377285873221
,W11S,11,W,S,0.0002624335465952754,0.961901703175557,-7.073861044715159,-8.228366226736286
,W11T,11,W,T,0.00017836003098636866,0.961901703175557,-7.33766591118183,-8.611626108552018
,W11V,11,W,V,0.0022665229625999928,0.961901703175557,-6.320986253558658,-6.074381179850446
,W11Y,11,W,Y,0.004990433342754841,0.961901703175557,-3.5793450061464682,-5.284763076251021
,E12A,12,E,A,0.04284309223294258,0.18569135043125273,-3.0622987257665955,-1.78953893967084
,E12C,12,E,C,0.0063369800336658955,0.18569135043125273,-5.170774891739711,-3.7004593200969236
,E12D,12,E,D,0.017752831801772118,0.18569135043125273,-2.5031316948588938,-2.6705115926020473
,E12F,12,E,F,0.013897258788347244,0.18569135043125273,-4.623751376755536,-2.915343407288065
,E12G,12,E,G,0.008971579372882843,0.18569135043125273,-4.247565525001846,-3.352902842176593
,E12H,12,E,H,0.013452326878905296,0.18569135043125273,-4.792238149559125,-2.9478792691727262
,E12I,12,E,I,0.058726709336042404,0.18569135043125273,-3.5625350491609424,-1.4741891645487122
,E12K,12,E,K,0.08763457834720612,0.18569135043125273,-3.922615301562473,-1.0739062863353817
,E12L,12,E,L,0.021007927134633064,0.18569135043125273,-5.654731155140325,-2.5021667860114474
,E12M,12,E,M,0.014677543193101883,0.18569135043125273,-4.245329405996017,-2.860722041305429
,E12N,12,E,N,0.006920322310179472,0.18569135043125273,-4.457935943035409,-3.612430659876962
,E12P,12,E,P,0.0,0.18569135043125273,-10.624258261930663,-10.285715312883303
,E12Q,12,E,Q,0.08495300263166428,0.18569135043125273,-2.0004196466179565,-1.1049839438219073
,E12R,12,E,R,0.06987906992435455,0.18569135043125273,-3.6850681792129762,-1.3003170394263548
,E12S,12,E,S,0.06518145650625229,0.18569135043125273,-2.2304056545253843,-1.3699084820455434
,E12T,12,E,T,0.10820995271205902,0.18569135043125273,-2.3438477494055405,-0.863007092687085
,E12V,12,E,V,0.10461320728063583,0.18569135043125273,-4.155908996879589,-0.8968108832114741
,E12W,12,E,W,0.005170188844203949,0.18569135043125273,-7.238527219509706,-3.9038624480191073
,E12Y,12,E,Y,0.013286047615110874,0.18569135043125273,-4.942818162729964,-2.960315477419765
,M13A,13,M,A,0.14580067992210388,0.23412990811590706,-2.8987125017447397,1.2221950304693574
,M13C,13,M,C,0.014634707011282444,0.23412990811590706,-3.9032516945153475,-1.0766121541596565
,M13D,13,M,D,0.0035524219274520874,0.23412990811590706,-7.4081713845953345,-2.491858543915891
,M13E,13,M,E,0.3071160614490509,0.23412990811590706,-1.4923620456829667,1.967185782377781
,M13F,13,M,F,0.0028573526069521904,0.23412990811590706,-7.291173178236932,-2.709374402755082
,M13G,13,M,G,0.004487424157559872,0.23412990811590706,-5.978003466967493,-2.2583811878552704
,M13H,13,M,H,0.003606743412092328,0.23412990811590706,-4.655939110729378,-2.4766958591323895
,M13I,13,M,I,0.02489124983549118,0.23412990811590706,-1.4064620109274983,-0.5455248778481283
,M13K,13,M,K,0.08430740982294083,0.23412990811590706,-4.821743304375559,0.6744202122224664
,M13L,13,M,L,0.020337184891104698,0.23412990811590706,-2.8246968891471624,-0.7475815103373372
,M13N,13,M,N,0.0013899669284000993,0.23412990811590706,-7.448493517469615,-3.428602340454955
,M13P,13,M,P,0.024531269446015358,0.23412990811590706,-5.586579963564873,-0.5600920954959949
,M13Q,13,M,Q,0.07918882369995117,0.23412990811590706,-3.3804632872343063,0.6117852434752084
,M13R,13,M,R,0.08088792115449905,0.23412990811590706,-3.2303583277389407,0.6330147029699148
,M13S,13,M,S,0.054530154913663864,0.23412990811590706,-3.481699401512742,0.23870255149976505
,M13T,13,M,T,0.036229539662599564,0.23412990811590706,-4.6480005397461355,-0.17017458146868392
,M13V,13,M,V,0.06220509484410286,0.23412990811590706,-1.9619518811814487,0.37038586746483404
,M13W,13,M,W,0.0026640070136636496,0.23412990811590706,-6.714874759316444,-2.7793538908962847
,M13Y,13,M,Y,0.003831383539363742,0.23412990811590706,-6.0340218044875655,-2.4163239482143464
,A14C,14,A,C,0.05017808452248573,0.1301268161690481,-4.201025388203561,-1.117809865844419
,A14D,14,A,D,0.0032290290109813213,0.1301268161690481,-6.061233900021762,-3.8604541742584395
,A14E,14,A,E,0.0232358667999506,0.1301268161690481,-4.1337244340684265,-1.8876704202782797
,A14F,14,A,F,0.03896356374025345,0.1301268161690481,-4.040430907160044,-1.370758104167265
,A14G,14,A,G,0.027242416515946388,0.1301268161690481,-2.7897200086154044,-1.7285998383776287
,A14H,14,A,H,0.12576179206371307,0.1301268161690481,-2.241810774896294,-0.19899820159478487
,A14I,14,A,I,0.03140341490507126,0.1301268161690481,-3.1503538116812706,-1.58646334564283
,A14K,14,A,K,0.04591710492968559,0.1301268161690481,-1.1799823361216113,-1.2065496858742357
,A14L,14,A,L,0.06497123837471008,0.1301268161690481,-2.5787426095921546,-0.8594447499134229
,A14M,14,A,M,0.021904705092310905,0.1301268161690481,-3.4329034187830985,-1.946662596321943
,A14N,14,A,N,0.006251330021768808,0.1301268161690481,-4.860653227195144,-3.200318029097245
,A14P,14,A,P,0.0005221140454523265,0.1301268161690481,-6.681360548362136,-5.674767043733226
,A14Q,14,A,Q,0.04319962114095688,0.1301268161690481,-4.209107875474729,-1.2675549235412684
,A14R,14,A,R,0.105036661028862,0.1301268161690481,-0.39786636689677835,-0.3790791744536446
,A14S,14,A,S,0.020249998196959496,0.1301268161690481,-2.941196169704199,-2.0252041575850392
,A14T,14,A,T,0.025166671723127365,0.1301268161690481,-2.3558817012235522,-1.8078509950775714
,A14V,14,A,V,0.11863910406827927,0.1301268161690481,-2.8734880750998855,-0.25730192290876897
,A14W,14,A,W,0.0019711677450686693,0.1301268161690481,-5.330206434940919,-4.353255357503311
,A14Y,14,A,Y,0.09270427376031876,0.1301268161690481,-3.074115763185546,-0.5039744995361302
,K15A,15,K,A,0.025390425696969032,0.10217240707728559,-2.796636746264994,-1.2119353900254284
,K15C,15,K,C,0.00511459494009614,0.10217240707728559,-2.4697473209816962,-2.813816686849548
,K15D,15,K,D,0.009958675131201744,0.10217240707728559,-5.334491164656356,-2.1477423004192735
,K15E,15,K,E,0.05123458430171013,0.10217240707728559,-1.2401745293755084,-0.5099130441988022
,K15F,15,K,F,0.07617444545030594,0.10217240707728559,0.5395243435632437,-0.11330411683704
,K15G,15,K,G,0.0014401436783373356,0.10217240707728559,-3.1804107015486807,-4.079151036298184
,K15H,15,K,H,0.023294754326343536,0.10217240707728559,-0.678430211963132,-1.2980743077883794
,K15I,15,K,I,0.05812400206923485,0.10217240707728559,0.6068367878906429,-0.3837502991861599
,K15L,15,K,L,0.07490493357181549,0.10217240707728559,1.4117179480963387,-0.13011037381055301
,K15M,15,K,M,0.02621554583311081,0.10217240707728559,-0.6025351623538882,-1.1799566449281493
,K15N,15,K,N,0.0073576075956225395,0.10217240707728559,-1.9513870847877115,-2.450358668942222
,K15P,15,K,P,0.009954127483069897,0.10217240707728559,-2.970251565100625,-2.148198945564638
,K15Q,15,K,Q,0.048634786158800125,0.10217240707728559,-0.9002435854636133,-0.5619881508925149
,K15R,15,K,R,0.07459843158721924,0.10217240707728559,0.8098241731058806,-0.1342106397705336
,K15S,15,K,S,0.0207821112126112,0.10217240707728559,-1.1338280765339732,-1.412201952123874
,K15T,15,K,T,0.11745556443929672,0.10217240707728559,1.25647492101416,0.31973039684537863
,K15V,15,K,V,0.13295766711235046,0.10217240707728559,0.7487744828686118,0.4437015258372492
,K15W,15,K,W,0.07853640615940094,0.10217240707728559,-1.8829357335343957,-0.08276791521309734
,K15Y,15,K,Y,0.07255789637565613,0.10217240707728559,0.8747179869096726,-0.16194524749020334
,T16A,16,T,A,0.055301226675510406,0.48889123867953566,-2.463496273383498,-0.9199955011483958
,T16C,16,T,C,0.00852686632424593,0.48889123867953566,-4.112913239747286,-2.7895537240582606
,T16D,16,T,D,0.5349052548408508,0.48889123867953566,-0.13612860394641757,1.3493324837084995
,T16E,16,T,E,0.012852933257818222,0.48889123867953566,-3.7058775243349373,-2.3792305074248783
,T16F,16,T,F,0.00036281064967624843,0.48889123867953566,-6.301338180433959,-5.937463198548546
,T16G,16,T,G,0.00943355169147253,0.48889123867953566,-5.28003909997642,-2.688512477932374
,T16H,16,T,H,0.024253536015748978,0.48889123867953566,-3.5840153535827994,-1.7442442108980105
,T16I,16,T,I,0.0011512974742799997,0.48889123867953566,-4.667243245174177,-4.790092110806113
,T16K,16,T,K,0.0023768185637891293,0.48889123867953566,-6.123050329042599,-4.066474614571467
,T16L,16,T,L,0.004063643980771303,0.48889123867953566,-5.336579940281808,-3.53051892164696
,T16M,16,T,M,0.002804105170071125,0.48889123867953566,-4.1675920728594065,-3.901297591952245
,T16N,16,T,N,0.02503649704158306,0.48889123867953566,-3.722521502058953,-1.712471581528022
,T16P,16,T,P,0.002417801646515727,0.48889123867953566,-7.06082070665434,-4.049395419563495
,T16Q,16,T,Q,0.003818328259512782,0.48889123867953566,-6.1036488162353635,-3.592758272244733
,T16R,16,T,R,0.0022770308423787355,0.48889123867953566,-5.9351773334201425,-4.109321418707381
,T16S,16,T,S,0.1673920750617981,0.48889123867953566,-2.3979949234053493,0.1875692801861244
,T16V,16,T,V,0.0028970479033887386,0.48889123867953566,-3.937810057774186,-3.8687143623650053
,T16W,16,T,W,0.00017257709987461567,0.48889123867953566,-7.63767316006124,-6.6658099061604545
,T16Y,16,T,Y,0.001192891621030867,0.48889123867953566,-6.816228281706572,-4.754696497536374
,S17A,17,S,A,0.10827478021383286,0.22981165766292777,0.19710096216294914,0.5128763249200581
,S17C,17,S,C,0.0007699380512349308,0.22981165766292777,-4.601018078334164,-4.428569476501934
,S17D,17,S,D,0.1034286618232727,0.22981165766292777,-0.6931082197697833,0.4670858106013709
,S17E,17,S,E,0.16146251559257507,0.22981165766292777,0.679298602626659,0.9124804160396931
,S17F,17,S,F,0.003512196009978652,0.22981165766292777,-3.329287690721685,-2.9150029068393852
,S17G,17,S,G,0.028391918167471886,0.22981165766292777,-2.990351928747259,-0.8256903664969959
,S17H,17,S,H,0.011685775592923164,0.22981165766292777,-1.6292688691755757,-1.7133614787711997
,S17I,17,S,I,0.004970934707671404,0.22981165766292777,-3.0795689050573856,-2.5678720175950698
,S17K,17,S,K,0.06438898295164108,0.22981165766292777,-1.0936186959734187,-0.006856939380422755
,S17L,17,S,L,0.011547607369720936,0.22981165766292777,-1.9379559190711007,-1.7252538690334187
,S17M,17,S,M,0.0029938260558992624,0.22981165766292777,-3.778227724484168,-3.074539405169828
,S17N,17,S,N,0.023097779601812363,0.22981165766292777,-1.6239574871724471,-1.0320523018769139
,S17P,17,S,P,0.27046945691108704,0.22981165766292777,1.4135810061125085,1.428370589241789
,S17Q,17,S,Q,0.040870457887649536,0.22981165766292777,-0.7978410575306043,-0.46139214595250877
,S17R,17,S,R,0.05633724108338356,0.22981165766292777,-1.1365390637656674,-0.14044417641087925
,S17T,17,S,T,0.024721501395106316,0.22981165766292777,-1.6862939380807802,-0.9641177928344752
,S17V,17,S,V,0.014222233556210995,0.22981165766292777,-1.5676821287488565,-1.5169507701293785
,S17W,17,S,W,0.0009218528866767883,0.22981165766292777,-5.560360332368873,-4.249478877400049
,S17Y,17,S,Y,0.0031003120820969343,0.22981165766292777,-3.9404797864845023,-3.039625163557468
,S18A,18,S,A,0.03063102625310421,0.21152593926270735,-1.3785844321828336,-2.0335291866898784
,S18C,18,S,C,0.003672404680401087,0.21152593926270735,-3.631266430253163,-4.154136024837386
,S18D,18,S,D,0.15284378826618195,0.21152593926270735,1.3060055922251195,-0.4261277343037202
,S18E,18,S,E,0.09655798226594925,0.21152593926270735,1.1181597739341669,-0.8854035456590654
,S18F,18,S,F,0.0056809717789292336,0.21152593926270735,-3.0842532061506063,-3.718140832257461
,S18G,18,S,G,0.021323515102267265,0.21152593926270735,-1.0604895690921694,-2.395718545076446
,S18H,18,S,H,0.04552656412124634,0.21152593926270735,-3.338955157669261,-1.6372522419265993
,S18I,18,S,I,0.0029947892762720585,0.21152593926270735,-3.0722298277541995,-4.357907955221484
,S18K,18,S,K,0.03511248901486397,0.21152593926270735,-0.8743924885056913,-1.8969884808844462
,S18L,18,S,L,0.009873082861304283,0.21152593926270735,-2.960171376587823,-3.1656277104559156
,S18M,18,S,M,0.003478786675259471,0.21152593926270735,-3.1138194103259593,-4.208251059811298
,S18N,18,S,N,0.0648995116353035,0.21152593926270735,0.6443159109912813,-1.2827087805726138
,S18P,18,S,P,0.015570367686450481,0.21152593926270735,-3.545986607845407,-2.710136271893115
,S18Q,18,S,Q,0.04489010572433472,0.21152593926270735,0.6776865131687373,-1.65133072385308
,S18R,18,S,R,0.031209763139486313,0.21152593926270735,-2.4695028450805694,-2.014812077751418
,S18T,18,S,T,0.16518370807170868,0.21152593926270735,-0.19321276992559433,-0.3484853544100597
,S18V,18,S,V,0.005309259984642267,0.21152593926270735,-3.875960924080573,-3.7857775984473436
,S18W,18,S,W,0.0016257750103250146,0.21152593926270735,-5.269850552431308,-4.967742657142944
,S18Y,18,S,Y,0.02956460230052471,0.21152593926270735,-3.3753173702862114,-2.0689639365143635
,G19A,19,G,A,0.007837839424610138,0.6269373410128309,-5.997236625989899,-4.567254165395541
,G19C,19,G,C,0.002549382159486413,0.6269373410128309,-6.858444674871862,-5.689922616335835
,G19D,19,G,D,0.01880209892988205,0.6269373410128309,-4.543500873027369,-3.6922859227852927
,G19E,19,G,E,0.01273107249289751,0.6269373410128309,-8.330040199914947,-4.082204486754745
,G19F,19,G,F,0.0009578008321113884,0.6269373410128309,-9.01063175755553,-6.667039994314542
,G19H,19,G,H,0.007670439314097166,0.6269373410128309,-8.051121573837008,-4.588840873821709
,G19I,19,G,I,0.0009355043875984848,0.6269373410128309,-9.092246345011517,-6.690511797699945
,G19K,19,G,K,0.039216335862874985,0.6269373410128309,-6.975335149792954,-2.957148905404984
,G19L,19,G,L,0.0030652498826384544,0.6269373410128309,-9.20969654689543,-5.505782779561499
,G19M,19,G,M,0.00212063523940742,0.6269373410128309,-9.233442627126351,-5.873875214038924
,G19N,19,G,N,0.05106428638100624,0.6269373410128309,-4.553824306232855,-2.693150755014889
,G19P,19,G,P,0.0009763124398887157,0.6269373410128309,-9.022204593173228,-6.647962767991836
,G19Q,19,G,Q,0.048350345343351364,0.6269373410128309,-8.175234757480212,-2.747764043273027
,G19R,19,G,R,0.021176520735025406,0.6269373410128309,-6.509939370909706,-3.573360583111418
,G19S,19,G,S,0.01930278167128563,0.6269373410128309,-4.612737509189174,-3.6660050187162962
,G19T,19,G,T,0.0020889025181531906,0.6269373410128309,-6.966468792641535,-5.888934730877963
,G19V,19,G,V,0.0017186573240906,0.6269373410128309,-8.591115358052775,-6.083768752058937
,G19W,19,G,W,0.0001710483047645539,0.6269373410128309,-10.34701201855205,-8.368288031897197
,G19Y,19,G,Y,0.004657539073377848,0.6269373410128309,-8.393261893419549,-5.087621787910597
,Q20A,20,Q,A,0.05303332954645157,0.2126271954590413,-2.8657181481830776,-0.4565785213137227
,Q20C,20,Q,C,0.013562703505158424,0.2126271954590413,-5.1830368232913315,-1.8201065851175615
,Q20D,20,Q,D,0.03512972965836525,0.2126271954590413,-2.628589312196709,-0.8684459301609837
,Q20E,20,Q,E,0.05205829069018364,0.2126271954590413,-1.09172636969015,-0.4751349090703294
,Q20F,20,Q,F,0.006619029678404331,0.2126271954590413,-5.788902770262212,-2.5373023908416714
,Q20G,20,Q,G,0.023352976888418198,0.2126271954590413,-3.8186619984917343,-1.2767545053727756
,Q20H,20,Q,H,0.033614594489336014,0.2126271954590413,-3.940170703921467,-0.9125323477607558
,Q20I,20,Q,I,0.014511008746922016,0.2126271954590413,-4.422131200553849,-1.7525314279398412
,Q20K,20,Q,K,0.14978693425655365,0.2126271954590413,-1.7181153607089072,0.5817169206286859
,Q20L,20,Q,L,0.031349241733551025,0.2126271954590413,-3.541636425361503,-0.9823007309990921
,Q20M,20,Q,M,0.011736581102013588,0.2126271954590413,-5.679115380626172,-1.9646972856316884
,Q20N,20,Q,N,0.04078679531812668,0.2126271954590413,-3.408471692353487,-0.7191380550994451
,Q20P,20,Q,P,0.001307672937400639,0.2126271954590413,-6.053693944006227,-4.156655335904232
,Q20R,20,Q,R,0.33370542526245117,0.2126271954590413,-1.376620135968551,1.3827663627259874
,Q20S,20,Q,S,0.02950587123632431,0.2126271954590413,-3.5955845029093325,-1.0428996716446104
,Q20T,20,Q,T,0.03184530511498451,0.2126271954590413,-4.058541118633002,-0.9666012825249755
,Q20V,20,Q,V,0.03072708286345005,0.2126271954590413,-3.786703397054225,-1.0023457622535963
,Q20W,20,Q,W,0.0031785042956471443,0.2126271954590413,-4.60631741466932,-3.27032737277127
,Q20Y,20,Q,Y,0.020467108115553856,0.2126271954590413,-5.466987777035683,-1.408651920399557
,R21A,21,R,A,0.042243245989084244,0.13693840818200842,-1.4658623010618612,0.22168842010100248
,R21C,21,R,C,0.007291813381016254,0.13693840818200842,-3.280896256212145,-1.534773841202386
,R21D,21,R,D,0.012177261523902416,0.13693840818200842,-1.313867791555822,-1.0220921404264849
,R21E,21,R,E,0.033272624015808105,0.13693840818200842,-3.1557736569084227,-0.017015406414733245
,R21F,21,R,F,0.03218962997198105,0.13693840818200842,-2.6431255033239722,-0.05010496462710827
,R21G,21,R,G,0.0012360084801912308,0.13693840818200842,-5.9574308600858785,-3.306932812313954
,R21H,21,R,H,0.02586492709815502,0.13693840818200842,-3.8047353425063193,-0.26885238201348777
,R21I,21,R,I,0.07060553133487701,0.13693840818200842,-0.7814064240083098,0.7353478185208381
,R21K,21,R,K,0.05311119928956032,0.13693840818200842,-2.4387367053423077,0.4506287193872379
,R21L,21,R,L,0.04542810842394829,0.13693840818200842,-0.447675044182688,0.2943737994742634
,R21M,21,R,M,0.015358587726950645,0.13693840818200842,-2.8264532370958477,-0.7900223785353544
,R21N,21,R,N,0.01041179895401001,0.13693840818200842,-3.1125786042539403,-1.1786914131190602
,R21P,21,R,P,0.15469984710216522,0.13693840818200842,0.2571380278095603,1.5197277901203317
,R21Q,21,R,Q,0.01270065363496542,0.13693840818200842,-3.1233182889409363,-0.9800163061684027
,R21S,21,R,S,0.038379572331905365,0.13693840818200842,-1.5061956830322742,0.12577120775075368
,R21T,21,R,T,0.15729226171970367,0.13693840818200842,-1.0487304504495114,1.5363467135046172
,R21V,21,R,V,0.1654651015996933,0.13693840818200842,0.44226101879030466,1.587001644505447
,R21W,21,R,W,0.02590673603117466,0.13693840818200842,-4.9916824656538665,-0.267237346239042
,R21Y,21,R,Y,0.06252145767211914,0.13693840818200842,-3.4229050400899723,0.6137495875638682
,Y22A,22,Y,A,0.0020620517898350954,0.7755195739544771,-9.194536596769467,-5.9724888803874965
,Y22C,22,Y,C,0.004668390844017267,0.7755195739544771,-6.877626844448969,-5.155527985638007
,Y22D,22,Y,D,8.128913032123819e-05,0.7755195739544771,-10.104454602580518,-9.164261118250367
,Y22E,22,Y,E,0.0011640371521934867,0.7755195739544771,-9.246141411131248,-6.543803323871767
,Y22F,22,Y,F,0.15216128528118134,0.7755195739544771,-3.091865924419835,-1.671198925974375
,Y22G,22,Y,G,0.0002840003580786288,0.7755195739544771,-10.104077389172744,-7.947622717508066
,Y22H,22,Y,H,0.0012613135622814298,0.7755195739544771,-7.0243655438534915,-6.463647623780124
,Y22I,22,Y,I,0.005758821964263916,0.7755195739544771,-7.270457683363929,-4.945606256004345
,Y22K,22,Y,K,0.00035488937282934785,0.7755195739544771,-8.46014631795697,-7.726941071488278
,Y22L,22,Y,L,0.007236573379486799,0.7755195739544771,-7.90940314414911,-4.717179782332334
,Y22M,22,Y,M,0.0018804463325068355,0.7755195739544771,-8.913411945803091,-6.064633636991575
,Y22N,22,Y,N,0.00022712917416356504,0.7755195739544771,-9.656926899915561,-8.168176754844755
,Y22P,22,Y,P,5.6782300816848874e-05,0.7755195739544771,-10.535058015724644,-9.499323302202757
,Y22Q,22,Y,Q,0.0006923272158019245,0.7755195739544771,-7.5573331685736775,-7.062266083223156
,Y22R,22,Y,R,0.0009132486302405596,0.7755195739544771,-8.343208683887497,-6.786031449146611
,Y22S,22,Y,S,0.0007735699182376266,0.7755195739544771,-6.639808501349762,-6.951632258204172
,Y22T,22,Y,T,0.0005685486830770969,0.7755195739544771,-7.667158737545833,-7.258512379354448
,Y22V,22,Y,V,0.008186879567801952,0.7755195739544771,-6.044686659006402,-4.593786211658647
,Y22W,22,Y,W,0.002412373898550868,0.7755195739544771,-9.759656777372584,-5.815640776662139
,F23A,23,F,A,0.00017033930635079741,0.7484133246592699,-8.849714646930806,-7.18629168158699
,F23C,23,F,C,0.0007489363779313862,0.7484133246592699,-6.303816926665604,-5.710256142243021
,F23D,23,F,D,0.0001816952571971342,0.7484133246592699,-8.79308496369049,-7.12236032378649
,F23E,23,F,E,0.0002905788132920861,0.7484133246592699,-8.721922454424202,-6.655665644382681
,F23G,23,F,G,0.0,0.7484133246592699,-10.895850035478361,-10.788039536227817
,F23H,23,F,H,0.0011888776207342744,0.7484133246592699,-8.009092551190406,-5.2480409398301955
,F23I,23,F,I,0.0003690684970933944,0.7484133246592699,-7.8541325714904815,-6.4172695661318535
,F23K,23,F,K,0.0,0.7484133246592699,-10.895850035478361,-10.788040328022813
,F23L,23,F,L,0.0014938742388039827,0.7484133246592699,-7.519710812019184,-5.019571452923988
,F23M,23,F,M,1.4194942195899785e-05,0.7484133246592699,-10.683630373503547,-9.473065030834631
,F23N,23,F,N,0.0,0.7484133246592699,-10.895850035478361,-10.788038312527107
,F23P,23,F,P,0.0,0.7484133246592699,-10.895850035478361,-10.78804058258439
,F23Q,23,F,Q,7.570636080345139e-05,0.7484133246592699,-9.884621432749555,-7.981283044584502
,F23R,23,F,R,0.0001675003150012344,0.7484133246592699,-9.21847744495608,-7.202929010631311
,F23S,23,F,S,0.0002279777982039377,0.7484133246592699,-8.185461316723377,-6.897119018158854
,F23T,23,F,T,5.677976878359914e-05,0.7484133246592699,-9.337906053289771,-8.257251415126309
,F23V,23,F,V,0.00022711907513439655,0.7484133246592699,-8.89629500429146,-6.900870051947917
,F23W,23,F,W,0.04722468927502632,0.7484133246592699,-4.250201627612114,-1.5648855249469769
,F23Y,23,F,Y,0.721748411655426,0.7484133246592699,-0.848753594327718,1.1619849776084932
,L24A,24,L,A,0.02937343157827854,0.29962472485861413,-3.3365239589475095,0.03734259628593295
,L24C,24,L,C,0.014656503684818745,0.29962472485861413,-4.323056297376752,-0.6578468137324516
,L24D,24,L,D,0.0004892565193586051,0.29962472485861413,-7.230529252439737,-4.050323026331998
,L24E,24,L,E,0.007252290844917297,0.29962472485861413,-5.371991842985153,-1.3613235818365637
,L24F,24,L,F,0.13422447443008423,0.29962472485861413,-2.857346663251519,1.5567814263880246
,L24G,24,L,G,0.0035457273479551077,0.29962472485861413,-8.870932018849999,-2.076595180934753
,L24H,24,L,H,0.07883848249912262,0.29962472485861413,-3.9167018802836537,1.0246620685700782
,L24I,24,L,I,0.06632675230503082,0.29962472485861413,0.4704712498933077,0.8518518492619449
,L24K,24,L,K,0.005290932487696409,0.29962472485861413,-4.634969325736165,-1.6765527770046034
,L24M,24,L,M,0.008207404986023903,0.29962472485861413,-4.247314063832164,-1.237629477115146
,L24N,24,L,N,0.0012099421583116055,0.29962472485861413,-7.208605730906129,-3.1500408754926266
,L24P,24,L,P,0.0,0.29962472485861413,-10.39320351992501,-8.144780308530661
,L24Q,24,L,Q,0.007831315509974957,0.29962472485861413,-4.829725846182555,-1.2845268053754881
,L24R,24,L,R,0.008242625743150711,0.29962472485861413,-5.630317457485944,-1.233348102758247
,L24S,24,L,S,0.010496776551008224,0.29962472485861413,-6.164650103077292,-0.9916344765101982
,L24T,24,L,T,0.007887549698352814,0.29962472485861413,-4.123563936213031,-1.2773731960017933
,L24V,24,L,V,0.13745801150798798,0.29962472485861413,-1.4481600057333708,1.580586640069756
,L24W,24,L,W,0.11112140119075775,0.29962472485861413,-3.7473975885659456,1.367888740965191
,L24Y,24,L,Y,0.3392503559589386,0.29962472485861413,-1.8493051202967763,2.4840157150763282
,N25A,25,N,A,0.0011179031571373343,0.6205526147238216,-5.211639367975295,-6.403192112006498
,N25C,25,N,C,0.010459602810442448,0.6205526147238216,-5.5784244639799,-4.168457759984501
,N25D,25,N,D,0.1157362088561058,0.6205526147238216,-1.9633527174592018,-1.7645861718445275
,N25E,25,N,E,0.01322720292955637,0.6205526147238216,-5.726926392875612,-3.9336993841755685
,N25F,25,N,F,0.0014444629196077585,0.6205526147238216,-5.462140969932079,-6.14738601033298
,N25G,25,N,G,0.00066039664670825,0.6205526147238216,-5.744075408671051,-6.92781817369619
,N25H,25,N,H,0.1356034278869629,0.6205526147238216,-3.091988375177607,-1.6061614427242072
,N25I,25,N,I,0.00020110787590965629,0.6205526147238216,-6.826011646538973,-8.103531650330488
,N25K,25,N,K,0.005711006000638008,0.6205526147238216,-2.9558294871822,-4.773556089007701
,N25L,25,N,L,0.000434462126577273,0.6205526147238216,-6.3438174752518535,-7.343930909015435
,N25M,25,N,M,0.0004556858621072024,0.6205526147238216,-5.521181993186474,-7.296612669077506
,N25P,25,N,P,0.0006801236886531115,0.6205526147238216,-5.778956841677427,-6.898519118121049
,N25Q,25,N,Q,0.009155693463981152,0.6205526147238216,-4.114036683284212,-4.301601796551928
,N25R,25,N,R,0.0052039967849850655,0.6205526147238216,-2.916542666265741,-4.866512365964603
,N25S,25,N,S,0.01752474531531334,0.6205526147238216,-0.9665147941559553,-3.6523525441730165
,N25T,25,N,T,0.0020126772578805685,0.6205526147238216,-5.481884063221514,-5.816054176592382
,N25V,25,N,V,0.001044859061948955,0.6205526147238216,-4.242348182946444,-6.470606719636434
,N25W,25,N,W,0.0001708821946522221,0.6205526147238216,-7.269520074129105,-8.262516152336929
,N25Y,25,N,Y,0.0033707430120557547,0.6205526147238216,-4.917576991021633,-5.300699662339151
,H26A,26,H,A,0.094917431473732,0.1204986716531462,-5.298162823077291,-0.3393552397894919
,H26C,26,H,C,0.004793230444192886,0.1204986716531462,-6.9163776577916,-3.3247081487753336
,H26D,26,H,D,0.016742361709475517,0.1204986716531462,-5.447168212849647,-2.0743666554455302
,H26E,26,H,E,0.0899144634604454,0.1204986716531462,-5.9037964516319335,-0.3935038770397612
,H26F,26,H,F,0.010247050784528255,0.1204986716531462,-8.33949805930024,-2.565239026651625
,H26G,26,H,G,0.01129287201911211,0.1204986716531462,-5.988308169413358,-2.468078104247698
,H26I,26,H,I,0.02380322851240635,0.1204986716531462,-7.405022862832993,-1.722516256838177
,H26K,26,H,K,0.07589014619588852,0.1204986716531462,-5.467032552231103,-0.5630758432427545
,H26L,26,H,L,0.03619600087404251,0.1204986716531462,-5.245783650781959,-1.3034059274279155
,H26M,26,H,M,0.011301850900053978,0.1204986716531462,-8.62758969143033,-2.467283465285541
,H26N,26,H,N,0.016630185768008232,0.1204986716531462,-5.654580154601717,-2.0810885943310664
,H26P,26,H,P,0.07002083212137222,0.1204986716531462,-6.368145180400461,-0.6435697446346891
,H26Q,26,H,Q,0.04143630340695381,0.1204986716531462,-7.2969699506647885,-1.168200159326319
,H26R,26,H,R,0.08001571148633957,0.1204986716531462,-3.9642703444696963,-0.5101397280002881
,H26S,26,H,S,0.08429145812988281,0.1204986716531462,-4.596143014263362,-0.45808220504562525
,H26T,26,H,T,0.13341905176639557,0.1204986716531462,-4.345739596989006,0.0011333738334518006
,H26V,26,H,V,0.05580846965312958,0.1204986716531462,-5.073127808980644,-0.8704357534386398
,H26W,26,H,W,0.003214190248399973,0.1204986716531462,-8.152348725590855,-3.7239820402827206
,H26Y,26,H,Y,0.006797238253057003,0.1204986716531462,-5.832933889236301,-2.975583163703425
,I27A,27,I,A,0.13450247049331665,0.11462411003396078,0.32823965756688267,0.8723183490433277
,I27C,27,I,C,0.0014445011038333178,0.11462411003396078,-3.452002591919154,-3.6591309709172863
,I27D,27,I,D,0.03909575566649437,0.11462411003396078,-1.3028601896949112,-0.36324596308025175
,I27E,27,I,E,0.13534672558307648,0.11462411003396078,-0.34559884725604206,0.878575633123388
,I27F,27,I,F,0.010982157662510872,0.11462411003396078,-0.9633609207812697,-1.6328785944586772
,I27G,27,I,G,0.01940458081662655,0.11462411003396078,-1.278185673407279,-1.0637183449594347
,I27H,27,I,H,0.015664566308259964,0.11462411003396078,-2.1392132681794465,-1.2778051313706942
,I27K,27,I,K,0.09106198698282242,0.11462411003396078,0.44637338211759925,0.4822749340955246
,I27L,27,I,L,0.052443381398916245,0.11462411003396078,-0.36577309807762504,-0.06952990638399681
,I27M,27,I,M,0.009501398541033268,0.11462411003396078,-1.422924461774528,-1.7776785191768059
,I27N,27,I,N,0.0599648654460907,0.11462411003396078,1.7360302074812353,0.06449383192844216
,I27P,27,I,P,0.014696803875267506,0.11462411003396078,-3.8299809428863227,-1.3415684558998198
,I27Q,27,I,Q,0.052378907799720764,0.11462411003396078,-0.5804689056240022,-0.07076004449848194
,I27R,27,I,R,0.06433683633804321,0.11462411003396078,0.5272836149670184,0.13486705459299553
,I27S,27,I,S,0.0684298649430275,0.11462411003396078,0.5982708791270852,0.19654387116305283
,I27T,27,I,T,0.05658118054270744,0.11462411003396078,0.10887431772425771,0.0064117953179994025
,I27V,27,I,V,0.10493675619363785,0.11462411003396078,-0.33270865259692073,0.6240926761118204
,I27W,27,I,W,0.0015636730240657926,0.11462411003396078,-3.9773798072710633,-3.5800942245876923
,I27Y,27,I,Y,0.011444032192230225,0.11462411003396078,-1.6060043130419217,-1.5916902905241241
,D28A,28,D,A,0.017252175137400627,0.590093720769385,-0.8553938757977448,-0.22727898461547147
,D28C,28,D,C,0.001157828257419169,0.590093720769385,-4.673773589543998,-2.9269689711663993
,D28E,28,D,E,0.01719488762319088,0.590093720769385,-0.6489820922724903,-0.23060514437024637
,D28F,28,D,F,0.0008087722817435861,0.590093720769385,-3.98611224477645,-3.2845476524063955
,D28G,28,D,G,0.004183210898190737,0.590093720769385,-2.8748015891760588,-1.6439657705138315
,D28H,28,D,H,0.004169594030827284,0.590093720769385,-3.6077504963614047,-1.6472249714742566
,D28I,28,D,I,0.0018080932786688209,0.590093720769385,-4.27868913160637,-2.48210873598601
,D28K,28,D,K,0.013510114513337612,0.590093720769385,-1.4546699919737875,-0.4717768617170571
,D28L,28,D,L,0.0315711684525013,0.590093720769385,-0.8797327771317214,0.3770361730982428
,D28M,28,D,M,0.0030128066428005695,0.590093720769385,-2.589530018158257,-1.9720086121969804
,D28N,28,D,N,0.041212279349565506,0.590093720769385,-0.2013699128292501,0.6435345433629416
,D28P,28,D,P,0.0006379536353051662,0.590093720769385,-3.647735284495866,-3.5206219418585816
,D28Q,28,D,Q,0.006716789677739143,0.590093720769385,-2.097303553018719,-1.1705539601808954
,D28R,28,D,R,0.014582181349396706,0.590093720769385,-3.178660954348743,-0.39541624176468404
,D28S,28,D,S,0.11931773275136948,0.590093720769385,-0.8989976508310065,1.7066124442912431
,D28T,28,D,T,0.6991791725158691,0.590093720769385,1.0085795731283724,3.4747500604753614
,D28V,28,D,V,0.001174471341073513,0.590093720769385,-3.5147992577403784,-2.912733727309994
,D28W,28,D,W,0.0001250657078344375,0.590093720769385,-5.792024949914776,-5.119615134520122
,D28Y,28,D,Y,0.0007311547524295747,0.590093720769385,-4.857099368586205,-3.384983440769114
,Q29A,29,Q,A,0.007908293046057224,0.3705447853965752,-5.150293731945567,-2.386485504727832
,Q29C,29,Q,C,0.004346954636275768,0.3705447853965752,-1.7811971317860298,-2.984751609312615
,Q29D,29,Q,D,0.029031099751591682,0.3705447853965752,-3.61851768149063,-1.0860932350415182
,Q29E,29,Q,E,0.029038751497864723,0.3705447853965752,-1.8319315998815,-1.0858297151626142
,Q29F,29,Q,F,0.0014135062228888273,0.3705447853965752,-4.359327264421154,-4.106864722320205
,Q29G,29,Q,G,0.4109022319316864,0.3705447853965752,-0.04241502867080271,1.563930033671443
,Q29H,29,Q,H,0.018355069682002068,0.3705447853965752,-0.4372051884420216,-1.5445535713717093
,Q29I,29,Q,I,0.00018358514353167266,0.3705447853965752,-5.327681652677711,-6.1259036383026615
,Q29K,29,Q,K,0.15315032005310059,0.3705447853965752,1.7413404663093388,0.5769841582631803
,Q29L,29,Q,L,0.007567494176328182,0.3705447853965752,-4.1796257654204965,-2.4305281810945947
,Q29M,29,Q,M,0.007493839133530855,0.3705447853965752,-2.842596813570708,-2.4403072049057086
,Q29N,29,Q,N,0.09826154261827469,0.3705447853965752,-1.6210202559595928,0.13319030445117352
,Q29P,29,Q,P,0.00044830236583948135,0.3705447853965752,-3.9304696891922504,-5.24917682979275
,Q29R,29,Q,R,0.12235278636217117,0.3705447853965752,1.1693557775579393,0.3524695641176634
,Q29S,29,Q,S,0.01803315430879593,0.3705447853965752,-1.5778986276127398,-1.5622470947841935
,Q29T,29,Q,T,0.0024608478415757418,0.3705447853965752,-3.1601484776474535,-3.553315524828802
,Q29V,29,Q,V,0.0007318601128645241,0.3705447853965752,-4.971553648239933,-4.762716155325384
,Q29W,29,Q,W,0.0009309793822467327,0.3705447853965752,-4.025917967053829,-4.52318484814044
,Q29Y,29,Q,Y,0.001381008536554873,0.3705447853965752,-4.760561283212155,-4.130069967898029
,T30A,30,T,A,0.06385065615177155,0.2794885562329854,-4.6150186857557856,-0.5545250190920274
,T30C,30,T,C,0.003131328849121928,0.2794885562329854,-6.403858461242635,-3.5690501294658366
,T30D,30,T,D,0.017854981124401093,0.2794885562329854,-7.150817952817306,-1.828778558884054
,T30E,30,T,E,0.36524534225463867,0.2794885562329854,-5.810279798170086,1.1895145011080355
,T30F,30,T,F,0.002944073174148798,0.2794885562329854,-6.874124030058738,-3.630655641514559
,T30G,30,T,G,0.0032644441816955805,0.2794885562329854,-5.71877906419104,-3.5274544413171567
,T30H,30,T,H,0.011810237541794777,0.2794885562329854,-6.082579187408555,-2.2420630265392196
,T30I,30,T,I,0.029249032959342003,0.2794885562329854,-3.3399482140666805,-1.3352273109519897
,T30K,30,T,K,0.07978886365890503,0.2794885562329854,-4.386140280694235,-0.33168566112204334
,T30L,30,T,L,0.023944463580846786,0.2794885562329854,-4.799019132333342,-1.5353336767042989
,T30M,30,T,M,0.009022325277328491,0.2794885562329854,-4.982439265993889,-2.5112892332305994
,T30N,30,T,N,0.007683310657739639,0.2794885562329854,-5.1810749633586966,-2.67190776209143
,T30P,30,T,P,0.00018306889978703111,0.2794885562329854,-9.095314019767102,-6.382645733805809
,T30Q,30,T,Q,0.10333356261253357,0.2794885562329854,-4.16146660404047,-0.0731045209355532
,T30R,30,T,R,0.05575472116470337,0.2794885562329854,-2.9829237884259783,-0.6901109851582499
,T30S,30,T,S,0.029200870543718338,0.2794885562329854,-1.12306710582925,-1.3368752869500056
,T30V,30,T,V,0.07999581843614578,0.2794885562329854,-3.773405920190271,-0.3290952106756859
,T30W,30,T,W,0.000153532309923321,0.2794885562329854,-8.913009872310795,-6.55240152889545
,T30Y,30,T,Y,0.002418788615614176,0.2794885562329854,-4.7170540145016275,-3.8269616228086747
,T31A,31,T,A,0.033646441996097565,0.5277770622184925,-5.206962670199573,-2.6497442612581086
,T31C,31,T,C,0.00920501071959734,0.5277770622184925,-6.687619747128338,-3.945887872170894
,T31D,31,T,D,0.0006033801473677158,0.5277770622184925,-10.045133898966014,-6.666283927561565
,T31E,31,T,E,0.0010888244723901153,0.5277770622184925,-9.516488819383085,-6.078602200599767
,T31F,31,T,F,0.0015260092914104462,0.5277770622184925,-9.530051059089601,-5.741838063466227
,T31G,31,T,G,0.001085057738237083,0.5277770622184925,-9.229793350677937,-6.082057464489463
,T31H,31,T,H,0.0011084058787673712,0.5277770622184925,-7.424279625993222,-6.060829654575418
,T31I,31,T,I,0.009036688134074211,0.5277770622184925,-7.438136545009911,-3.9643415047771255
,T31K,31,T,K,0.0107565987855196,0.5277770622184925,-6.860280438326299,-3.7901273276936736
,T31L,31,T,L,0.0029949136078357697,0.5277770622184925,-7.854537658393383,-5.068374871126352
,T31M,31,T,M,0.004772844724357128,0.5277770622184925,-10.160291858948767,-4.602572916113094
,T31N,31,T,N,0.005466488655656576,0.5277770622184925,-3.8817830123007298,-4.466917494862267
,T31P,31,T,P,0.003329363651573658,0.5277770622184925,-7.879833264276385,-4.962575965849702
,T31Q,31,T,Q,0.0037832949310541153,0.5277770622184925,-8.163822969887406,-4.834829023370792
,T31R,31,T,R,0.027655959129333496,0.5277770622184925,-3.893772419542074,-2.84581407379639
,T31S,31,T,S,0.3407670557498932,0.5277770622184925,-3.8337093396112323,-0.3344112385179754
,T31V,31,T,V,0.06328529864549637,0.5277770622184925,-6.06663121166639,-2.017984434608878
,T31W,31,T,W,0.0016996333142742515,0.5277770622184925,-8.090088655240834,-5.634266002205839
,T31Y,31,T,Y,0.0020984765142202377,0.5277770622184925,-5.962170880287886,-5.423755284830189
,T32A,32,T,A,0.025591665878891945,0.39216582668847255,-3.434257479791995,-2.4499120000902463
,T32C,32,T,C,0.00948150921612978,0.39216582668847255,-4.317728368041571,-3.442802693526678
,T32D,32,T,D,0.0012133837444707751,0.39216582668847255,-5.4910848794388585,-5.496937059976192
,T32E,32,T,E,0.0036418165545910597,0.39216582668847255,-7.166472104087006,-4.39939463609006
,T32F,32,T,F,0.0019995525944978,0.39216582668847255,-6.285221649741288,-4.998408026657267
,T32G,32,T,G,0.0008953810320235789,0.39216582668847255,-7.03263367380714,-5.799841991593544
,T32H,32,T,H,0.012837842106819153,0.39216582668847255,-3.3955321632674895,-3.1397709993631606
,T32I,32,T,I,0.007000087760388851,0.39216582668847255,-7.050448300957214,-3.7461807593969185
,T32K,32,T,K,0.013046721927821636,0.39216582668847255,-5.867108678852674,-3.1236320810081297
,T32L,32,T,L,0.011940139345824718,0.39216582668847255,-6.489165904873516,-3.2122585810030393
,T32M,32,T,M,0.010014512576162815,0.39216582668847255,-6.231025215180125,-3.3881161232230954
,T32N,32,T,N,0.0014473993796855211,0.39216582668847255,-6.011855943070259,-5.321006616298493
,T32P,32,T,P,0.00011167987395310774,0.39216582668847255,-9.099811596039217,-7.841973992174788
,T32Q,32,T,Q,0.2662736475467682,0.39216582668847255,-2.092531711270567,-0.10761826412103792
,T32R,32,T,R,0.0616627112030983,0.39216582668847255,-4.298592302890029,-1.5704858194393796
,T32S,32,T,S,0.22876597940921783,0.39216582668847255,-0.9738816030439921,-0.2594449222806938
,T32V,32,T,V,0.04456479474902153,0.39216582668847255,-6.129505219345447,-1.8952270507423732
,T32W,32,T,W,0.0002633440017234534,0.39216582668847255,-7.5801462544477545,-7.011797906488733
,T32Y,32,T,Y,0.0027198337484151125,0.39216582668847255,-6.922293585666921,-4.691099815726779
,W33A,33,W,A,0.0028195271734148264,0.7884687950357171,-5.689187738578767,-5.7362627953824035
,W33C,33,W,C,0.0013324898900464177,0.7884687950357171,-4.562620998360217,-6.485020787675683
,W33D,33,W,D,0.0022652314510196447,0.7884687950357171,-4.157527391798794,-5.955018145920076
,W33E,33,W,E,0.0018132602563127875,0.7884687950357171,-5.222947570029646,-6.17736760196113
,W33F,33,W,F,0.03183349221944809,0.7884687950357171,-2.0776090403087437,-3.312501010830257
,W33G,33,W,G,0.0004850553523283452,0.7884687950357171,-5.358974038419547,-7.491689891360224
,W33H,33,W,H,0.002107494743540883,0.7884687950357171,-4.823929241858423,-6.027137785105176
,W33I,33,W,I,0.0016179345548152924,0.7884687950357171,-5.263192267157137,-6.291209491594609
,W33K,33,W,K,0.0022224553395062685,0.7884687950357171,-6.417439337878022,-5.974067985514033
,W33L,33,W,L,0.008410376496613026,0.7884687950357171,-2.052598145790398,-4.643587321907274
,W33M,33,W,M,0.0015969544183462858,0.7884687950357171,-5.446466912748292,-6.304244506374875
,W33N,33,W,N,0.0011262763291597366,0.7884687950357171,-3.612443753750995,-6.652824158147716
,W33P,33,W,P,0.0011341735953465104,0.7884687950357171,-4.651124267140403,-6.645852144691095
,W33Q,33,W,Q,0.0007340596639551222,0.7884687950357171,-5.974362719338387,-7.079605533687544
,W33R,33,W,R,0.01004866138100624,0.7884687950357171,-4.1613494833,-4.4656162798915595
,W33S,33,W,S,0.004027361981570721,0.7884687950357171,-4.745988508686423,-5.379854331483832
,W33T,33,W,T,0.0029063145630061626,0.7884687950357171,-5.4856437891721725,-5.705961323858405
,W33V,33,W,V,0.002295581391081214,0.7884687950357171,-6.746463814866729,-5.941718806125237
,W33Y,33,W,Y,0.047336842864751816,0.7884687950357171,-3.814826159738004,-2.9157154909453977
,Q34A,34,Q,A,0.02078171819448471,0.30871153655607064,-3.0833841336425394,-0.7624120056708288
,Q34C,34,Q,C,0.0010007335804402828,0.30871153655607064,-3.014082590409089,-3.7927503422782394
,Q34D,34,Q,D,0.17803780734539032,0.30871153655607064,0.47472122590988874,1.3855158709621942
,Q34E,34,Q,E,0.3797229826450348,0.30871153655607064,0.7298293953062966,2.1429683016140997
,Q34F,34,Q,F,0.005379038397222757,0.30871153655607064,0.5744466306641698,-2.1137533928566303
,Q34G,34,Q,G,0.003237335477024317,0.30871153655607064,-2.817428936599754,-2.6212016649190124
,Q34H,34,Q,H,0.024907229468226433,0.30871153655607064,0.32024750858545303,-0.5813322031700315
,Q34I,34,Q,I,0.02140752598643303,0.30871153655607064,-1.0711329991463572,-0.7327440599191829
,Q34K,34,Q,K,0.03824205696582794,0.30871153655607064,-0.7488720705732703,-0.15255791883578973
,Q34L,34,Q,L,0.018902508541941643,0.30871153655607064,-1.5707649604883045,-0.8571875105320463
,Q34M,34,Q,M,0.0044870153069496155,0.30871153655607064,-2.1823122713249177,-2.29498953650008
,Q34N,34,Q,N,0.028406867757439613,0.30871153655607064,-0.3520616367459297,-0.4498613572732024
,Q34P,34,Q,P,0.00011978804832324386,0.30871153655607064,-6.026178370782873,-5.874793478784343
,Q34R,34,Q,R,0.016063665971159935,0.30871153655607064,-3.521403204649687,-1.0199139379029896
,Q34S,34,Q,S,0.03985057398676872,0.30871153655607064,-0.3958417735993862,-0.11135695115333655
,Q34T,34,Q,T,0.1280931830406189,0.30871153655607064,-0.5588083611801267,1.0562745155045197
,Q34V,34,Q,V,0.03997866436839104,0.30871153655607064,-1.1788262128829956,-0.10814783390592386
,Q34W,34,Q,W,0.0005453415215015411,0.30871153655607064,-4.442943029105663,-4.396096137853375
,Q34Y,34,Q,Y,0.006291262339800596,0.30871153655607064,-2.0790733012836426,-1.957158640319071
,D35A,35,D,A,0.04052696377038956,0.19672150998646865,-6.7828029855154455,-0.7723903879037868
,D35C,35,D,C,0.007681448012590408,0.19672150998646865,-7.198389869183302,-2.4353678845718454
,D35E,35,D,E,0.0183813888579607,0.19672150998646865,-8.032511869911104,-1.5629883754335885
,D35F,35,D,F,0.019979244098067284,0.19672150998646865,-7.392123856814578,-1.4796391365187864
,D35G,35,D,G,0.0008884527487680316,0.19672150998646865,-10.341013708617538,-4.588429796734288
,D35H,35,D,H,0.12386994808912277,0.19672150998646865,-5.400801970856264,0.3448741226420302
,D35I,35,D,I,0.019280582666397095,0.19672150998646865,-6.76487871306017,-1.5152320992639043
,D35K,35,D,K,0.1506311297416687,0.19672150998646865,-7.715332771651447,0.5404771251268405
,D35L,35,D,L,0.061382755637168884,0.19672150998646865,-6.240877632983029,-0.3572315587664915
,D35M,35,D,M,0.022237319499254227,0.19672150998646865,-7.825676168780774,-1.3725676143784575
,D35N,35,D,N,0.023541251197457314,0.19672150998646865,-6.5447632081341,-1.3155882270010537
,D35P,35,D,P,0.12481320649385452,0.19672150998646865,-5.816091410815716,0.3524602308590272
,D35Q,35,D,Q,0.012335941195487976,0.19672150998646865,-8.161158777307719,-1.9617655150451274
,D35R,35,D,R,0.22658997774124146,0.19672150998646865,-4.354729710496031,0.9487878663964471
,D35S,35,D,S,0.011053474619984627,0.19672150998646865,-9.124111772049218,-2.0715194784797424
,D35T,35,D,T,0.009728061966598034,0.19672150998646865,-6.7923935684375465,-2.199223974665544
,D35V,35,D,V,0.02811187319457531,0.19672150998646865,-7.1309230900369585,-1.1381577066120885
,D35W,35,D,W,0.004408949986100197,0.19672150998646865,-7.2044349941425025,-2.9902726217156372
,D35Y,35,D,Y,0.006819597911089659,0.19672150998646865,-10.496681588236243,-2.5543345828074626
,P36A,36,P,A,1.107563036839565e-07,0.9961631116927778,-10.203021652065217,-12.805045389210935
,P36C,36,P,C,0.0,0.9961631116927778,-10.206196927116252,-12.833888429082444
,P36D,36,P,D,0.00012119462189730257,0.9961631116927778,-8.397006486309692,-9.030657621304814
,P36E,36,P,E,0.000132703164126724,0.9961631116927778,-9.405595125863329,-8.93953198466991
,P36F,36,P,F,0.0,0.9961631116927778,-10.206196927116252,-12.833888428971427
,P36G,36,P,G,0.0,0.9961631116927778,-10.206196927116252,-12.833888428641242
,P36H,36,P,H,0.0003464008041191846,0.9961631116927778,-8.20125745376572,-7.974991285393276
,P36I,36,P,I,4.027099203085527e-05,0.9961631116927778,-9.291681323433295,-10.128825481090574
,P36K,36,P,K,6.044469409971498e-05,0.9961631116927778,-9.565209990250878,-9.726962389659004
,P36L,36,P,L,5.7256324907939415e-06,0.9961631116927778,-10.049710768449586,-11.832719121175252
,P36M,36,P,M,0.0,0.9961631116927778,-10.206196927116252,-12.83388842905683
,P36N,36,P,N,0.000148055114550516,0.9961631116927778,-8.078878391883336,-8.829527680368615
,P36Q,36,P,Q,0.0,0.9961631116927778,-10.206196927116252,-12.833888429073857
,P36R,36,P,R,8.071757474681363e-05,0.9961631116927778,-8.841238046297804,-9.438220773196651
,P36S,36,P,S,0.00018121945322491229,0.9961631116927778,-8.21541286027059,-8.62633630438987
,P36T,36,P,T,6.0406484408304095e-05,0.9961631116927778,-9.292699333978817,-9.727591877175685
,P36V,36,P,V,0.0,0.9961631116927778,-10.206196927116252,-12.833888428575484
,P36W,36,P,W,0.0,0.9961631116927778,-10.206196927116252,-12.833888429052646
,P36Y,36,P,Y,0.0,0.9961631116927778,-10.206196927116252,-12.83388842864042
,R37A,37,R,A,0.11136674135923386,0.1494475929278225,-5.559102177154273,-0.35190630272722667
,R37C,37,R,C,0.015533928759396076,0.1494475929278225,-6.444822766352445,-2.32166528867482
,R37D,37,R,D,0.05420224741101265,0.1494475929278225,-7.633883516769856,-1.07201480446295
,R37E,37,R,E,0.12313476204872131,0.1494475929278225,-5.63515791692771,-0.25145501986893626
,R37F,37,R,F,0.005612839944660664,0.1494475929278225,-8.436681014951319,-3.3393816714189626
,R37G,37,R,G,0.012142856605350971,0.1494475929278225,-5.620622129645199,-2.5679202823222393
,R37H,37,R,H,0.00511159049347043,0.1494475929278225,-7.864329625386745,-3.432879622637568
,R37I,37,R,I,0.005523058120161295,0.1494475929278225,-7.147060621064156,-3.355498929067643
,R37K,37,R,K,0.0566198006272316,0.1494475929278225,-6.621444437652826,-1.028378508914348
,R37L,37,R,L,0.05505121871829033,0.1494475929278225,-5.880411920370534,-1.056473212020629
,R37M,37,R,M,0.02058408409357071,0.1494475929278225,-8.248012415599078,-2.0401958540468725
,R37N,37,R,N,0.018177127465605736,0.1494475929278225,-4.754620074061677,-2.1645415100172953
,R37P,37,R,P,0.03214988484978676,0.1494475929278225,-6.698115732520819,-1.5943225211636247
,R37Q,37,R,Q,0.04701368138194084,0.1494475929278225,-4.795548813417554,-1.2142979137570364
,R37S,37,R,S,0.06311190128326416,0.1494475929278225,-4.991566076409072,-0.9198279424251501
,R37T,37,R,T,0.131735697388649,0.1494475929278225,-3.545467276009731,-0.1839363346894809
,R37V,37,R,V,0.08160320669412613,0.1494475929278225,-3.777436152100563,-0.662868108311329
,R37W,37,R,W,7.799585000611842e-05,0.1494475929278225,-11.836726945999544,-7.5376636087601225
,R37Y,37,R,Y,0.0029092549812048674,0.1494475929278225,-9.656733773183078,-3.996024948422696
